/*******************************************************************************
 * Size: 14 px
 * Bpp: 4
 * Opts: --no-compress --format lvgl --font arial.ttf -o font_vietnamese_14.c --bpp 4 --size 14 -r 0x0020-0x007F,0x00C0-0x00FF,0x0100-0x017F,0x01A0-0x01B0,0x1EA0-0x1EF9 --lv-include lvgl.h
 ******************************************************************************/

#ifdef LV_LVGL_H_INCLUDE_SIMPLE
#include "lvgl.h"
#else
#include "lvgl.h"
#endif

#ifndef FONT_VIETNAMESE_14
#define FONT_VIETNAMESE_14 1
#endif

#if FONT_VIETNAMESE_14

/*-----------------
 *    BITMAPS
 *----------------*/

/*Store the image of the glyphs*/
static LV_ATTRIBUTE_LARGE_CONST const uint8_t glyph_bitmap[] = {
    /* U+0020 " " */

    /* U+0021 "!" */
    0xbf, 0x5b, 0xf5, 0xbf, 0x5a, 0xf4, 0x9f, 0x27,
    0xf1, 0x6f, 0x4, 0xe0, 0x1, 0xa, 0xf4, 0xaf,
    0x40,

    /* U+0022 "\"" */
    0x3f, 0xd2, 0xff, 0x3f, 0xd2, 0xfe, 0x1f, 0xc0,
    0xfd, 0xc, 0x80, 0xb9,

    /* U+0023 "#" */
    0x0, 0x7f, 0x7, 0xf2, 0x0, 0xad, 0xa, 0xf0,
    0x0, 0xdb, 0xc, 0xc0, 0xef, 0xff, 0xff, 0xfa,
    0x8b, 0xfb, 0xbf, 0xb6, 0x7, 0xf1, 0x6f, 0x20,
    0x8d, 0xfa, 0xdf, 0xa6, 0xef, 0xff, 0xff, 0xfa,
    0xf, 0x80, 0xf9, 0x0, 0x3f, 0x52, 0xf6, 0x0,
    0x6f, 0x25, 0xf3, 0x0,

    /* U+0024 "$" */
    0x0, 0x1, 0x0, 0x0, 0x0, 0x3c, 0x91, 0x0,
    0x7, 0xff, 0xfe, 0x30, 0x1f, 0xdc, 0xaf, 0xb0,
    0x3f, 0x8a, 0x54, 0x20, 0x1f, 0xec, 0x50, 0x0,
    0x9, 0xff, 0xe7, 0x0, 0x0, 0x6e, 0xff, 0xa0,
    0x0, 0xa, 0x8e, 0xf1, 0x4a, 0x4a, 0x58, 0xf1,
    0x3f, 0xdb, 0x6d, 0xe0, 0xa, 0xff, 0xff, 0x50,
    0x0, 0x6d, 0xa3, 0x0, 0x0, 0xa, 0x50, 0x0,

    /* U+0025 "%" */
    0x8, 0xfd, 0x40, 0x1, 0xf5, 0x0, 0x3f, 0x6b,
    0xd0, 0x8, 0xd0, 0x0, 0x5f, 0x28, 0xf0, 0x1f,
    0x50, 0x0, 0x3f, 0x4a, 0xd0, 0x8d, 0x0, 0x0,
    0x9, 0xfe, 0x40, 0xf6, 0x0, 0x0, 0x0, 0x0,
    0x7, 0xe0, 0xae, 0xb1, 0x0, 0x0, 0xe, 0x66,
    0xf4, 0xe8, 0x0, 0x0, 0x7e, 0x9, 0xe0, 0xcb,
    0x0, 0x0, 0xe7, 0x9, 0xe0, 0xcb, 0x0, 0x6,
    0xe0, 0x6, 0xf4, 0xe8, 0x0, 0xe, 0x80, 0x0,
    0xaf, 0xb1,

    /* U+0026 "&" */
    0x0, 0x3c, 0xfd, 0x60, 0x0, 0x0, 0xef, 0x8c,
    0xf3, 0x0, 0x1, 0xfd, 0x5, 0xf6, 0x0, 0x0,
    0xcf, 0x8d, 0xf2, 0x0, 0x0, 0x5f, 0xfe, 0x40,
    0x0, 0x4, 0xff, 0xfe, 0x12, 0x0, 0x1f, 0xf3,
    0xaf, 0xbd, 0xf0, 0x5f, 0xa0, 0xd, 0xff, 0xb0,
    0x4f, 0xc0, 0x6, 0xff, 0x90, 0xd, 0xfd, 0xcf,
    0xff, 0xf9, 0x2, 0xaf, 0xfc, 0x43, 0xd3, 0x0,
    0x0, 0x0, 0x0, 0x0,

    /* U+0027 "'" */
    0x6f, 0xb5, 0xfb, 0x4f, 0x91, 0xd6,

    /* U+0028 "(" */
    0x0, 0x6f, 0x0, 0xe, 0xa0, 0x6, 0xf4, 0x0,
    0xbf, 0x0, 0xf, 0xc0, 0x2, 0xfa, 0x0, 0x3f,
    0x90, 0x3, 0xf9, 0x0, 0x2f, 0xb0, 0x0, 0xfc,
    0x0, 0xb, 0xf0, 0x0, 0x5f, 0x40, 0x0, 0xe9,
    0x0, 0x6, 0xf0,

    /* U+0029 ")" */
    0x5f, 0x10, 0xe, 0x90, 0xa, 0xf1, 0x5, 0xf6,
    0x2, 0xfa, 0x0, 0xfd, 0x0, 0xfe, 0x0, 0xee,
    0x0, 0xfc, 0x2, 0xf9, 0x5, 0xf5, 0x9, 0xf0,
    0xe, 0x90, 0x5f, 0x10,

    /* U+002A "*" */
    0x0, 0xf3, 0x0, 0x76, 0xe5, 0x90, 0x6c, 0xfe,
    0xa0, 0xa, 0xdd, 0x10, 0x1d, 0x1b, 0x40, 0x0,
    0x0, 0x0,

    /* U+002B "+" */
    0x0, 0x6, 0x80, 0x0, 0x0, 0xc, 0xf0, 0x0,
    0x0, 0xc, 0xf0, 0x0, 0x6f, 0xff, 0xff, 0xf8,
    0x6f, 0xff, 0xff, 0xf9, 0x0, 0xc, 0xf0, 0x0,
    0x0, 0xc, 0xf0, 0x0, 0x0, 0xc, 0xf0, 0x0,

    /* U+002C "," */
    0x1, 0x10, 0xfe, 0xf, 0xd0, 0x3c, 0xd, 0x50,
    0x20,

    /* U+002D "-" */
    0x1, 0x11, 0x3, 0xff, 0xf9, 0x3f, 0xff, 0x90,

    /* U+002E "." */
    0x11, 0xfe, 0xfe,

    /* U+002F "/" */
    0x0, 0xa, 0xc0, 0x0, 0xd8, 0x0, 0x1f, 0x50,
    0x5, 0xf1, 0x0, 0x8e, 0x0, 0xc, 0xa0, 0x0,
    0xf6, 0x0, 0x3f, 0x30, 0x7, 0xf0, 0x0, 0xab,
    0x0, 0xe, 0x80, 0x0,

    /* U+0030 "0" */
    0x0, 0xaf, 0xe7, 0x0, 0xa, 0xfd, 0xff, 0x50,
    0x1f, 0xe0, 0x3f, 0xb0, 0x4f, 0xb0, 0xf, 0xf0,
    0x5f, 0x90, 0xe, 0xf0, 0x6f, 0x90, 0xe, 0xf1,
    0x5f, 0x90, 0xe, 0xf0, 0x4f, 0xa0, 0xf, 0xf0,
    0x1f, 0xe0, 0x3f, 0xb0, 0xa, 0xfd, 0xff, 0x50,
    0x0, 0xaf, 0xe7, 0x0,

    /* U+0031 "1" */
    0x0, 0x4f, 0x80, 0x2e, 0xf8, 0x6f, 0xff, 0x8e,
    0xe9, 0xf8, 0x60, 0x6f, 0x80, 0x6, 0xf8, 0x0,
    0x6f, 0x80, 0x6, 0xf8, 0x0, 0x6f, 0x80, 0x6,
    0xf8, 0x0, 0x6f, 0x80,

    /* U+0032 "2" */
    0x2, 0xbf, 0xe9, 0x0, 0xd, 0xfd, 0xef, 0xa0,
    0x4f, 0xb0, 0xf, 0xf0, 0x15, 0x30, 0xe, 0xf0,
    0x0, 0x0, 0x4f, 0xc0, 0x0, 0x2, 0xef, 0x40,
    0x0, 0x2e, 0xf8, 0x0, 0x1, 0xdf, 0x90, 0x0,
    0xb, 0xfa, 0x0, 0x0, 0x4f, 0xff, 0xee, 0xe1,
    0x8f, 0xff, 0xff, 0xf1,

    /* U+0033 "3" */
    0x2, 0xbf, 0xd6, 0x0, 0xd, 0xfc, 0xef, 0x50,
    0x3f, 0xa0, 0x4f, 0xa0, 0x1, 0x10, 0x5f, 0x90,
    0x0, 0x7, 0xee, 0x20, 0x0, 0xe, 0xfc, 0x20,
    0x0, 0x0, 0x3f, 0xd0, 0x1, 0x10, 0xd, 0xf2,
    0x5f, 0xa0, 0x1f, 0xf0, 0xe, 0xfc, 0xef, 0x90,
    0x2, 0xbf, 0xe8, 0x0,

    /* U+0034 "4" */
    0x0, 0x0, 0xbf, 0x30, 0x0, 0x5, 0xff, 0x30,
    0x0, 0xe, 0xff, 0x30, 0x0, 0x9f, 0xdf, 0x30,
    0x3, 0xf9, 0xaf, 0x30, 0xc, 0xe1, 0xaf, 0x30,
    0x6f, 0x50, 0xaf, 0x30, 0xbf, 0xff, 0xff, 0xf7,
    0x9d, 0xdd, 0xff, 0xd6, 0x0, 0x0, 0xaf, 0x30,
    0x0, 0x0, 0xaf, 0x30,

    /* U+0035 "5" */
    0x3, 0xff, 0xff, 0xe0, 0x6, 0xff, 0xff, 0xd0,
    0x9, 0xf3, 0x0, 0x0, 0xc, 0xf8, 0x95, 0x0,
    0xf, 0xff, 0xff, 0x70, 0xa, 0xa1, 0x3f, 0xf1,
    0x0, 0x0, 0xa, 0xf4, 0x2, 0x20, 0xa, 0xf4,
    0x3f, 0xc0, 0xe, 0xf1, 0xc, 0xfc, 0xdf, 0x90,
    0x1, 0xae, 0xe9, 0x0,

    /* U+0036 "6" */
    0x0, 0x7e, 0xfa, 0x10, 0x7, 0xfe, 0xdf, 0xa0,
    0xf, 0xf1, 0xd, 0xd0, 0x3f, 0xb0, 0x0, 0x0,
    0x5f, 0xbb, 0xfa, 0x10, 0x6f, 0xfb, 0xaf, 0xb0,
    0x5f, 0xe0, 0xc, 0xf2, 0x4f, 0xc0, 0x9, 0xf3,
    0xf, 0xf1, 0xc, 0xf1, 0x8, 0xfe, 0xdf, 0xb0,
    0x0, 0x8e, 0xe9, 0x10,

    /* U+0037 "7" */
    0x6f, 0xff, 0xff, 0xf2, 0x5e, 0xee, 0xef, 0xf1,
    0x0, 0x0, 0x6f, 0x60, 0x0, 0x0, 0xed, 0x0,
    0x0, 0x7, 0xf5, 0x0, 0x0, 0xe, 0xe0, 0x0,
    0x0, 0x4f, 0x80, 0x0, 0x0, 0x8f, 0x40, 0x0,
    0x0, 0xcf, 0x10, 0x0, 0x0, 0xee, 0x0, 0x0,
    0x0, 0xfd, 0x0, 0x0,

    /* U+0038 "8" */
    0x2, 0xbf, 0xe8, 0x0, 0xd, 0xfb, 0xdf, 0x70,
    0x1f, 0xc0, 0x1f, 0xc0, 0xf, 0xc0, 0x1f, 0xb0,
    0x6, 0xfc, 0xdf, 0x30, 0x7, 0xff, 0xfd, 0x20,
    0x2f, 0xd1, 0x3f, 0xd0, 0x6f, 0x80, 0xc, 0xf1,
    0x5f, 0xb0, 0xe, 0xf0, 0xe, 0xfc, 0xdf, 0xa0,
    0x2, 0xbe, 0xe9, 0x0,

    /* U+0039 "9" */
    0x2, 0xbf, 0xd5, 0x0, 0xe, 0xfc, 0xff, 0x40,
    0x6f, 0x80, 0x5f, 0xb0, 0x8f, 0x50, 0xf, 0xf0,
    0x6f, 0x70, 0x2f, 0xf1, 0x1f, 0xf9, 0xdf, 0xf2,
    0x3, 0xcf, 0x9e, 0xf1, 0x0, 0x0, 0xf, 0xf0,
    0x3e, 0x90, 0x5f, 0xb0, 0xe, 0xfc, 0xff, 0x30,
    0x3, 0xcf, 0xd4, 0x0,

    /* U+003A ":" */
    0xaf, 0x4a, 0xf4, 0x1, 0x0, 0x0, 0x0, 0x0,
    0x10, 0xaf, 0x4a, 0xf4,

    /* U+003B ";" */
    0xbf, 0x3b, 0xf3, 0x1, 0x0, 0x0, 0x0, 0x0,
    0x10, 0xbf, 0x3b, 0xf3, 0xe, 0x28, 0xb0, 0x20,
    0x0,

    /* U+003C "<" */
    0x0, 0x0, 0x0, 0x2, 0x0, 0x0, 0x17, 0xe8,
    0x0, 0x18, 0xff, 0xf6, 0x1a, 0xff, 0xe7, 0x10,
    0x5f, 0xf6, 0x0, 0x0, 0x3e, 0xff, 0x92, 0x0,
    0x0, 0x6d, 0xff, 0xb3, 0x0, 0x0, 0x5d, 0xf8,
    0x0, 0x0, 0x0, 0x45,

    /* U+003D "=" */
    0x6f, 0xff, 0xff, 0xf9, 0x6e, 0xee, 0xee, 0xe8,
    0x0, 0x0, 0x0, 0x0, 0x6e, 0xee, 0xee, 0xe8,
    0x6f, 0xff, 0xff, 0xf9,

    /* U+003E ">" */
    0x11, 0x0, 0x0, 0x0, 0x5f, 0x81, 0x0, 0x0,
    0x3f, 0xff, 0xa2, 0x0, 0x0, 0x6d, 0xff, 0xb2,
    0x0, 0x0, 0x4e, 0xf8, 0x0, 0x18, 0xef, 0xf5,
    0x2a, 0xff, 0xe8, 0x10, 0x5f, 0xe7, 0x0, 0x0,
    0x36, 0x0, 0x0, 0x0,

    /* U+003F "?" */
    0x0, 0x8d, 0xfc, 0x50, 0xa, 0xfd, 0x9e, 0xf5,
    0x1f, 0xd0, 0x2, 0xfc, 0x4, 0x30, 0x1, 0xfd,
    0x0, 0x0, 0x1c, 0xf7, 0x0, 0x0, 0xcf, 0xa0,
    0x0, 0x6, 0xfa, 0x0, 0x0, 0x9, 0xf2, 0x0,
    0x0, 0x2, 0x40, 0x0, 0x0, 0x9, 0xf5, 0x0,
    0x0, 0x9, 0xf5, 0x0,

    /* U+0040 "@" */
    0x0, 0x0, 0x6b, 0xef, 0xea, 0x30, 0x0, 0x0,
    0x2d, 0xfa, 0x76, 0x7c, 0xf7, 0x0, 0x0, 0xec,
    0x10, 0x0, 0x0, 0x5f, 0x50, 0x9, 0xd0, 0x2b,
    0xfc, 0x8f, 0x58, 0xc0, 0xf, 0x40, 0xde, 0x69,
    0xff, 0x22, 0xf1, 0x5e, 0x7, 0xf4, 0x0, 0xff,
    0x0, 0xf3, 0x7c, 0xd, 0xf0, 0x0, 0xfc, 0x1,
    0xf2, 0x8a, 0xf, 0xc0, 0x2, 0xf9, 0x6, 0xe0,
    0x7c, 0xe, 0xe0, 0x9, 0xf6, 0x1e, 0x80, 0x3f,
    0x1a, 0xfa, 0xaf, 0xfb, 0xec, 0x0, 0xe, 0x91,
    0xaf, 0xc7, 0xfe, 0x80, 0x21, 0x4, 0xf8, 0x0,
    0x0, 0x0, 0x8, 0xf3, 0x0, 0x5f, 0xe9, 0x76,
    0x69, 0xef, 0x40, 0x0, 0x1, 0x7c, 0xef, 0xec,
    0x71, 0x0,

    /* U+0041 "A" */
    0x0, 0x4, 0xff, 0x30, 0x0, 0x0, 0x0, 0xaf,
    0xf9, 0x0, 0x0, 0x0, 0xf, 0xff, 0xe0, 0x0,
    0x0, 0x5, 0xfb, 0xcf, 0x50, 0x0, 0x0, 0xbf,
    0x67, 0xfb, 0x0, 0x0, 0x1f, 0xf1, 0x2f, 0xf1,
    0x0, 0x6, 0xfc, 0x0, 0xdf, 0x60, 0x0, 0xcf,
    0xff, 0xff, 0xfc, 0x0, 0x1f, 0xfd, 0xdd, 0xdf,
    0xf2, 0x7, 0xfb, 0x0, 0x0, 0xbf, 0x80, 0xdf,
    0x50, 0x0, 0x5, 0xfd, 0x0,

    /* U+0042 "B" */
    0xff, 0xff, 0xfe, 0x90, 0xf, 0xfc, 0xcd, 0xff,
    0x90, 0xff, 0x0, 0x3, 0xfe, 0xf, 0xf0, 0x0,
    0x3f, 0xc0, 0xff, 0xcc, 0xdf, 0xe3, 0xf, 0xff,
    0xff, 0xff, 0x60, 0xff, 0x0, 0x4, 0xff, 0x2f,
    0xf0, 0x0, 0xb, 0xf6, 0xff, 0x0, 0x0, 0xef,
    0x4f, 0xfd, 0xdd, 0xff, 0xe0, 0xff, 0xff, 0xff,
    0xc3, 0x0,

    /* U+0043 "C" */
    0x0, 0x19, 0xef, 0xd7, 0x0, 0x2, 0xef, 0xfe,
    0xff, 0x90, 0xb, 0xfa, 0x0, 0x4f, 0xf2, 0x1f,
    0xf1, 0x0, 0x6, 0x50, 0x4f, 0xd0, 0x0, 0x0,
    0x0, 0x5f, 0xc0, 0x0, 0x0, 0x0, 0x4f, 0xd0,
    0x0, 0x0, 0x0, 0x1f, 0xf1, 0x0, 0xc, 0xc2,
    0xb, 0xfa, 0x0, 0x6f, 0xf0, 0x2, 0xef, 0xfe,
    0xff, 0x60, 0x0, 0x2a, 0xef, 0xc5, 0x0,

    /* U+0044 "D" */
    0xff, 0xff, 0xfc, 0x40, 0xf, 0xfd, 0xde, 0xff,
    0x40, 0xff, 0x0, 0x8, 0xfd, 0xf, 0xf0, 0x0,
    0xe, 0xf2, 0xff, 0x0, 0x0, 0xbf, 0x5f, 0xf0,
    0x0, 0xa, 0xf6, 0xff, 0x0, 0x0, 0xbf, 0x5f,
    0xf0, 0x0, 0xe, 0xf3, 0xff, 0x0, 0x6, 0xfd,
    0xf, 0xfd, 0xde, 0xff, 0x50, 0xff, 0xff, 0xfc,
    0x40, 0x0,

    /* U+0045 "E" */
    0xff, 0xff, 0xff, 0xf7, 0xff, 0xdd, 0xdd, 0xd6,
    0xff, 0x0, 0x0, 0x0, 0xff, 0x0, 0x0, 0x0,
    0xff, 0xdd, 0xdd, 0xd1, 0xff, 0xff, 0xff, 0xf1,
    0xff, 0x0, 0x0, 0x0, 0xff, 0x0, 0x0, 0x0,
    0xff, 0x0, 0x0, 0x0, 0xff, 0xdd, 0xdd, 0xd8,
    0xff, 0xff, 0xff, 0xfa,

    /* U+0046 "F" */
    0xff, 0xff, 0xff, 0xef, 0xfd, 0xdd, 0xdc, 0xff,
    0x10, 0x0, 0xf, 0xf1, 0x0, 0x0, 0xff, 0xdd,
    0xdd, 0x3f, 0xff, 0xff, 0xf3, 0xff, 0x10, 0x0,
    0xf, 0xf1, 0x0, 0x0, 0xff, 0x10, 0x0, 0xf,
    0xf1, 0x0, 0x0, 0xff, 0x10, 0x0, 0x0,

    /* U+0047 "G" */
    0x0, 0x8, 0xdf, 0xea, 0x20, 0x0, 0x1d, 0xff,
    0xef, 0xff, 0x30, 0x9, 0xfc, 0x20, 0x1b, 0xfa,
    0x0, 0xff, 0x20, 0x0, 0x15, 0x20, 0x3f, 0xd0,
    0x0, 0x0, 0x0, 0x4, 0xfc, 0x0, 0x5f, 0xff,
    0xf0, 0x3f, 0xe0, 0x4, 0xdd, 0xff, 0x0, 0xff,
    0x30, 0x0, 0xf, 0xf0, 0x9, 0xfd, 0x20, 0x7,
    0xff, 0x0, 0x1d, 0xff, 0xef, 0xff, 0xb0, 0x0,
    0x7, 0xdf, 0xeb, 0x50, 0x0,

    /* U+0048 "H" */
    0xff, 0x0, 0x0, 0xff, 0xf, 0xf0, 0x0, 0xf,
    0xf0, 0xff, 0x0, 0x0, 0xff, 0xf, 0xf0, 0x0,
    0xf, 0xf0, 0xff, 0xdd, 0xdd, 0xff, 0xf, 0xff,
    0xff, 0xff, 0xf0, 0xff, 0x0, 0x0, 0xff, 0xf,
    0xf0, 0x0, 0xf, 0xf0, 0xff, 0x0, 0x0, 0xff,
    0xf, 0xf0, 0x0, 0xf, 0xf0, 0xff, 0x0, 0x0,
    0xff, 0x0,

    /* U+0049 "I" */
    0xf, 0xf0, 0xff, 0xf, 0xf0, 0xff, 0xf, 0xf0,
    0xff, 0xf, 0xf0, 0xff, 0xf, 0xf0, 0xff, 0xf,
    0xf0,

    /* U+004A "J" */
    0x0, 0x0, 0x5f, 0xa0, 0x0, 0x5, 0xfa, 0x0,
    0x0, 0x5f, 0xa0, 0x0, 0x5, 0xfa, 0x0, 0x0,
    0x5f, 0xa0, 0x0, 0x5, 0xfa, 0x0, 0x0, 0x5f,
    0xa6, 0xa2, 0x6, 0xfa, 0x9f, 0x70, 0x9f, 0x84,
    0xff, 0xef, 0xf2, 0x6, 0xdf, 0xc4, 0x0,

    /* U+004B "K" */
    0xff, 0x10, 0x4, 0xff, 0x60, 0xff, 0x10, 0x2f,
    0xf8, 0x0, 0xff, 0x11, 0xdf, 0xa0, 0x0, 0xff,
    0x1c, 0xfc, 0x0, 0x0, 0xff, 0xaf, 0xf4, 0x0,
    0x0, 0xff, 0xff, 0xfd, 0x0, 0x0, 0xff, 0xf3,
    0xef, 0x60, 0x0, 0xff, 0x40, 0x6f, 0xe1, 0x0,
    0xff, 0x10, 0xd, 0xf9, 0x0, 0xff, 0x10, 0x5,
    0xff, 0x30, 0xff, 0x10, 0x0, 0xcf, 0xc0,

    /* U+004C "L" */
    0xef, 0x10, 0x0, 0x0, 0xef, 0x10, 0x0, 0x0,
    0xef, 0x10, 0x0, 0x0, 0xef, 0x10, 0x0, 0x0,
    0xef, 0x10, 0x0, 0x0, 0xef, 0x10, 0x0, 0x0,
    0xef, 0x10, 0x0, 0x0, 0xef, 0x10, 0x0, 0x0,
    0xef, 0x10, 0x0, 0x0, 0xef, 0xdd, 0xdd, 0xd1,
    0xef, 0xff, 0xff, 0xf2,

    /* U+004D "M" */
    0xf, 0xff, 0x20, 0x7, 0xff, 0xa0, 0xff, 0xf6,
    0x0, 0xbf, 0xfa, 0xf, 0xff, 0x90, 0xf, 0xff,
    0xa0, 0xfe, 0xdd, 0x3, 0xfb, 0xfa, 0xf, 0xea,
    0xf1, 0x7f, 0x8f, 0xa0, 0xfe, 0x6f, 0x5a, 0xf4,
    0xfa, 0xf, 0xe2, 0xf9, 0xed, 0x3f, 0xa0, 0xfe,
    0xe, 0xff, 0x93, 0xfa, 0xf, 0xe0, 0xbf, 0xf5,
    0x3f, 0xa0, 0xfe, 0x7, 0xff, 0x23, 0xfa, 0xf,
    0xe0, 0x4f, 0xe0, 0x3f, 0xa0,

    /* U+004E "N" */
    0xff, 0x40, 0x0, 0xef, 0xff, 0xd0, 0x0, 0xef,
    0xff, 0xf6, 0x0, 0xef, 0xff, 0xfe, 0x0, 0xef,
    0xfe, 0xbf, 0x80, 0xef, 0xfe, 0x2f, 0xf1, 0xef,
    0xfe, 0x9, 0xfa, 0xef, 0xfe, 0x1, 0xef, 0xff,
    0xfe, 0x0, 0x7f, 0xff, 0xfe, 0x0, 0xd, 0xff,
    0xfe, 0x0, 0x5, 0xff,

    /* U+004F "O" */
    0x0, 0x2a, 0xef, 0xe9, 0x10, 0x0, 0x2e, 0xff,
    0xef, 0xfe, 0x10, 0xb, 0xfb, 0x10, 0x1c, 0xfa,
    0x1, 0xff, 0x10, 0x0, 0x2f, 0xf1, 0x4f, 0xc0,
    0x0, 0x0, 0xef, 0x45, 0xfb, 0x0, 0x0, 0xc,
    0xf4, 0x5f, 0xd0, 0x0, 0x0, 0xef, 0x42, 0xff,
    0x20, 0x0, 0x2f, 0xf1, 0xc, 0xfc, 0x10, 0x2c,
    0xfa, 0x0, 0x2e, 0xff, 0xef, 0xfe, 0x10, 0x0,
    0x29, 0xef, 0xe9, 0x10, 0x0,

    /* U+0050 "P" */
    0xff, 0xff, 0xfd, 0x50, 0xff, 0xdd, 0xef, 0xf3,
    0xff, 0x0, 0xb, 0xf9, 0xff, 0x0, 0x7, 0xfa,
    0xff, 0x0, 0xc, 0xf9, 0xff, 0xdd, 0xff, 0xf3,
    0xff, 0xff, 0xfc, 0x40, 0xff, 0x0, 0x0, 0x0,
    0xff, 0x0, 0x0, 0x0, 0xff, 0x0, 0x0, 0x0,
    0xff, 0x0, 0x0, 0x0,

    /* U+0051 "Q" */
    0x0, 0x19, 0xef, 0xe9, 0x10, 0x0, 0x2e, 0xff,
    0xef, 0xfe, 0x10, 0xc, 0xfb, 0x10, 0x1c, 0xfb,
    0x2, 0xff, 0x10, 0x0, 0x2f, 0xf1, 0x5f, 0xc0,
    0x0, 0x0, 0xef, 0x46, 0xfb, 0x0, 0x0, 0xc,
    0xf4, 0x5f, 0xc0, 0x0, 0x0, 0xef, 0x42, 0xff,
    0x10, 0x75, 0x2f, 0xf1, 0xc, 0xfb, 0x9, 0xfe,
    0xfa, 0x0, 0x2e, 0xff, 0xdf, 0xff, 0x60, 0x0,
    0x29, 0xef, 0xea, 0xff, 0x70, 0x0, 0x0, 0x0,
    0x2, 0xa2,

    /* U+0052 "R" */
    0xff, 0xff, 0xfe, 0xa1, 0x0, 0xff, 0xdd, 0xdf,
    0xfc, 0x0, 0xff, 0x0, 0x2, 0xff, 0x10, 0xff,
    0x0, 0x0, 0xef, 0x20, 0xff, 0x0, 0x5, 0xff,
    0x0, 0xff, 0xff, 0xff, 0xf6, 0x0, 0xff, 0xbe,
    0xfe, 0x20, 0x0, 0xff, 0x0, 0xbf, 0xb0, 0x0,
    0xff, 0x0, 0x1e, 0xf7, 0x0, 0xff, 0x0, 0x6,
    0xff, 0x20, 0xff, 0x0, 0x0, 0xbf, 0xb0,

    /* U+0053 "S" */
    0x0, 0x9e, 0xfd, 0x91, 0x0, 0xbf, 0xfd, 0xff,
    0xc0, 0x1f, 0xe1, 0x1, 0xef, 0x30, 0xff, 0x40,
    0x3, 0x41, 0x9, 0xff, 0xea, 0x40, 0x0, 0x8,
    0xef, 0xff, 0xb0, 0x0, 0x0, 0x48, 0xff, 0x64,
    0xc8, 0x0, 0x7, 0xf9, 0x3f, 0xf2, 0x0, 0xbf,
    0x80, 0xaf, 0xfe, 0xff, 0xf2, 0x0, 0x8d, 0xfe,
    0xb3, 0x0,

    /* U+0054 "T" */
    0xbf, 0xff, 0xff, 0xff, 0x49, 0xdd, 0xff, 0xed,
    0xd3, 0x0, 0xb, 0xf4, 0x0, 0x0, 0x0, 0xbf,
    0x40, 0x0, 0x0, 0xb, 0xf4, 0x0, 0x0, 0x0,
    0xbf, 0x40, 0x0, 0x0, 0xb, 0xf4, 0x0, 0x0,
    0x0, 0xbf, 0x40, 0x0, 0x0, 0xb, 0xf4, 0x0,
    0x0, 0x0, 0xbf, 0x40, 0x0, 0x0, 0xb, 0xf4,
    0x0, 0x0,

    /* U+0055 "U" */
    0xff, 0x0, 0x0, 0xff, 0xff, 0x0, 0x0, 0xff,
    0xff, 0x0, 0x0, 0xff, 0xff, 0x0, 0x0, 0xff,
    0xff, 0x0, 0x0, 0xff, 0xff, 0x0, 0x0, 0xff,
    0xff, 0x0, 0x0, 0xff, 0xef, 0x10, 0x1, 0xff,
    0xcf, 0x90, 0x7, 0xfc, 0x5f, 0xff, 0xef, 0xf6,
    0x5, 0xcf, 0xfd, 0x60,

    /* U+0056 "V" */
    0xdf, 0x50, 0x0, 0xf, 0xf2, 0x8f, 0xa0, 0x0,
    0x4f, 0xd0, 0x3f, 0xf0, 0x0, 0x9f, 0x80, 0xd,
    0xf4, 0x0, 0xef, 0x20, 0x8, 0xf9, 0x2, 0xfd,
    0x0, 0x3, 0xfe, 0x7, 0xf8, 0x0, 0x0, 0xef,
    0x3c, 0xf3, 0x0, 0x0, 0x9f, 0x9f, 0xd0, 0x0,
    0x0, 0x3f, 0xff, 0x80, 0x0, 0x0, 0xe, 0xff,
    0x30, 0x0, 0x0, 0x9, 0xfe, 0x0, 0x0,

    /* U+0057 "W" */
    0xdf, 0x30, 0xa, 0xff, 0x0, 0xf, 0xf1, 0xaf,
    0x60, 0xe, 0xff, 0x30, 0x2f, 0xd0, 0x6f, 0x90,
    0x2f, 0xff, 0x70, 0x5f, 0xa0, 0x3f, 0xd0, 0x6f,
    0xaf, 0xa0, 0x8f, 0x60, 0xf, 0xf0, 0xaf, 0x3f,
    0xe0, 0xbf, 0x30, 0xc, 0xf3, 0xef, 0xb, 0xf2,
    0xef, 0x0, 0x8, 0xf8, 0xfb, 0x7, 0xf7, 0xfc,
    0x0, 0x5, 0xfe, 0xf7, 0x3, 0xfe, 0xf8, 0x0,
    0x1, 0xff, 0xf3, 0x0, 0xff, 0xf5, 0x0, 0x0,
    0xef, 0xf0, 0x0, 0xbf, 0xf1, 0x0, 0x0, 0xaf,
    0xc0, 0x0, 0x7f, 0xe0, 0x0,

    /* U+0058 "X" */
    0x6f, 0xe0, 0x0, 0x9f, 0xb0, 0xc, 0xf8, 0x2,
    0xff, 0x20, 0x3, 0xff, 0x2b, 0xf8, 0x0, 0x0,
    0x9f, 0xdf, 0xe0, 0x0, 0x0, 0x1f, 0xff, 0x60,
    0x0, 0x0, 0xc, 0xff, 0x10, 0x0, 0x0, 0x5f,
    0xff, 0x90, 0x0, 0x0, 0xdf, 0xaf, 0xf3, 0x0,
    0x8, 0xfd, 0x9, 0xfc, 0x0, 0x2f, 0xf4, 0x1,
    0xef, 0x60, 0xbf, 0xb0, 0x0, 0x6f, 0xe1,

    /* U+0059 "Y" */
    0xb, 0xfa, 0x0, 0x3, 0xff, 0x10, 0x2f, 0xf2,
    0x0, 0xcf, 0x70, 0x0, 0x9f, 0xb0, 0x5f, 0xe0,
    0x0, 0x1, 0xef, 0x4d, 0xf5, 0x0, 0x0, 0x6,
    0xfe, 0xfc, 0x0, 0x0, 0x0, 0xd, 0xff, 0x30,
    0x0, 0x0, 0x0, 0x6f, 0xb0, 0x0, 0x0, 0x0,
    0x5, 0xfa, 0x0, 0x0, 0x0, 0x0, 0x5f, 0xa0,
    0x0, 0x0, 0x0, 0x5, 0xfa, 0x0, 0x0, 0x0,
    0x0, 0x5f, 0xa0, 0x0, 0x0,

    /* U+005A "Z" */
    0x4f, 0xff, 0xff, 0xff, 0x13, 0xdd, 0xdd, 0xff,
    0xf0, 0x0, 0x0, 0x2f, 0xf7, 0x0, 0x0, 0xc,
    0xfc, 0x0, 0x0, 0x8, 0xfe, 0x10, 0x0, 0x4,
    0xff, 0x40, 0x0, 0x1, 0xef, 0x80, 0x0, 0x0,
    0xbf, 0xc0, 0x0, 0x0, 0x7f, 0xf2, 0x0, 0x0,
    0xd, 0xfe, 0xdd, 0xdd, 0xd3, 0xdf, 0xff, 0xff,
    0xff, 0x40,

    /* U+005B "[" */
    0xff, 0xf6, 0xfe, 0xa4, 0xfd, 0x0, 0xfd, 0x0,
    0xfd, 0x0, 0xfd, 0x0, 0xfd, 0x0, 0xfd, 0x0,
    0xfd, 0x0, 0xfd, 0x0, 0xfd, 0x0, 0xfd, 0x0,
    0xfe, 0xa4, 0xff, 0xf6,

    /* U+005C "\\" */
    0xe, 0x80, 0x0, 0xab, 0x0, 0x7, 0xf0, 0x0,
    0x3f, 0x30, 0x0, 0xf6, 0x0, 0xc, 0xa0, 0x0,
    0x8e, 0x0, 0x5, 0xf1, 0x0, 0x1f, 0x50, 0x0,
    0xd8, 0x0, 0xa, 0xc0,

    /* U+005D "]" */
    0xbf, 0xfa, 0x7a, 0xfa, 0x2, 0xfa, 0x2, 0xfa,
    0x2, 0xfa, 0x2, 0xfa, 0x2, 0xfa, 0x2, 0xfa,
    0x2, 0xfa, 0x2, 0xfa, 0x2, 0xfa, 0x2, 0xfa,
    0x7a, 0xfa, 0xbf, 0xfa,

    /* U+005E "^" */
    0x0, 0xd, 0xf1, 0x0, 0x0, 0x4f, 0xf8, 0x0,
    0x0, 0xbf, 0xde, 0x0, 0x2, 0xfa, 0x7f, 0x50,
    0x9, 0xf4, 0x1f, 0xc0, 0xf, 0xe0, 0xb, 0xf2,

    /* U+005F "_" */
    0x1, 0x11, 0x11, 0x11, 0x12, 0xff, 0xff, 0xff,
    0xfd, 0x4, 0x44, 0x44, 0x44, 0x30,

    /* U+0060 "`" */
    0x23, 0x10, 0x2f, 0xb0, 0x4, 0xf2,

    /* U+0061 "a" */
    0x3, 0xcf, 0xfb, 0x20, 0xf, 0xfa, 0xcf, 0xb0,
    0x16, 0x40, 0xf, 0xd0, 0x1, 0x7b, 0xef, 0xe0,
    0x2e, 0xfa, 0x6f, 0xe0, 0x7f, 0x80, 0x1f, 0xe0,
    0x5f, 0xc5, 0xbf, 0xe0, 0x9, 0xee, 0x9c, 0xf2,

    /* U+0062 "b" */
    0x1f, 0xd0, 0x0, 0x0, 0x1, 0xfd, 0x0, 0x0,
    0x0, 0x1f, 0xd0, 0x0, 0x0, 0x1, 0xfd, 0x7e,
    0xe8, 0x0, 0x1f, 0xfe, 0xae, 0xf6, 0x1, 0xff,
    0x20, 0x4f, 0xd0, 0x1f, 0xd0, 0x0, 0xff, 0x1,
    0xfe, 0x0, 0xf, 0xf0, 0x1f, 0xf3, 0x4, 0xfc,
    0x1, 0xff, 0xeb, 0xff, 0x50, 0x1f, 0xb7, 0xee,
    0x70, 0x0,

    /* U+0063 "c" */
    0x1, 0xae, 0xfb, 0x20, 0xb, 0xfc, 0xbf, 0xe0,
    0x3f, 0xd0, 0x8, 0x91, 0x5f, 0x90, 0x0, 0x0,
    0x5f, 0x90, 0x0, 0x0, 0x3f, 0xd0, 0xa, 0xf3,
    0xb, 0xfd, 0xcf, 0xd0, 0x1, 0xaf, 0xfb, 0x20,

    /* U+0064 "d" */
    0x0, 0x0, 0x4, 0xfa, 0x0, 0x0, 0x4, 0xfa,
    0x0, 0x0, 0x4, 0xfa, 0x2, 0xbf, 0xd7, 0xfa,
    0xc, 0xfc, 0xaf, 0xfa, 0x3f, 0xd0, 0x9, 0xfa,
    0x5f, 0x90, 0x4, 0xfa, 0x5f, 0x90, 0x4, 0xfa,
    0x3f, 0xc0, 0x8, 0xfa, 0xc, 0xfb, 0x9f, 0xfa,
    0x1, 0xbf, 0xd6, 0xfa,

    /* U+0065 "e" */
    0x2, 0xbf, 0xe9, 0x0, 0xd, 0xfa, 0xbf, 0xa0,
    0x5f, 0x90, 0xd, 0xf0, 0x7f, 0xff, 0xff, 0xf2,
    0x8f, 0x93, 0x33, 0x30, 0x5f, 0xb0, 0xa, 0x80,
    0xe, 0xfb, 0xbf, 0xa0, 0x2, 0xbf, 0xe9, 0x0,

    /* U+0066 "f" */
    0x3, 0xdf, 0xd0, 0xa, 0xfc, 0x90, 0xc, 0xf2,
    0x0, 0xdf, 0xff, 0x90, 0x8e, 0xfa, 0x50, 0xc,
    0xf2, 0x0, 0xc, 0xf2, 0x0, 0xc, 0xf2, 0x0,
    0xc, 0xf2, 0x0, 0xc, 0xf2, 0x0, 0xc, 0xf2,
    0x0,

    /* U+0067 "g" */
    0x1, 0xbf, 0xd5, 0xfa, 0xc, 0xfc, 0xaf, 0xfa,
    0x3f, 0xd0, 0x8, 0xfa, 0x5f, 0x90, 0x4, 0xfa,
    0x5f, 0x90, 0x4, 0xfa, 0x3f, 0xd0, 0xa, 0xfa,
    0xc, 0xfd, 0xcf, 0xfa, 0x2, 0xcf, 0xc6, 0xfa,
    0x17, 0x50, 0x5, 0xf8, 0xe, 0xfb, 0x9e, 0xf4,
    0x3, 0xcf, 0xfd, 0x60,

    /* U+0068 "h" */
    0xfe, 0x0, 0x0, 0xf, 0xe0, 0x0, 0x0, 0xfe,
    0x0, 0x0, 0xf, 0xe6, 0xef, 0x90, 0xff, 0xea,
    0xef, 0x5f, 0xf2, 0x6, 0xf9, 0xff, 0x0, 0x5f,
    0x9f, 0xe0, 0x5, 0xf9, 0xfe, 0x0, 0x5f, 0x9f,
    0xe0, 0x5, 0xf9, 0xfe, 0x0, 0x5f, 0x90,

    /* U+0069 "i" */
    0xfe, 0xed, 0x0, 0xfe, 0xfe, 0xfe, 0xfe, 0xfe,
    0xfe, 0xfe, 0xfe,

    /* U+006A "j" */
    0x0, 0xfe, 0x0, 0xec, 0x0, 0x0, 0x0, 0xfe,
    0x0, 0xfe, 0x0, 0xfe, 0x0, 0xfe, 0x0, 0xfe,
    0x0, 0xfe, 0x0, 0xfe, 0x0, 0xfe, 0x2, 0xfd,
    0x6f, 0xfb, 0x7f, 0xd3,

    /* U+006B "k" */
    0x1f, 0xd0, 0x0, 0x0, 0x1f, 0xd0, 0x0, 0x0,
    0x1f, 0xd0, 0x0, 0x0, 0x1f, 0xd0, 0x4f, 0xe2,
    0x1f, 0xd2, 0xff, 0x30, 0x1f, 0xed, 0xf5, 0x0,
    0x1f, 0xff, 0xf4, 0x0, 0x1f, 0xfc, 0xfc, 0x0,
    0x1f, 0xe0, 0xbf, 0x50, 0x1f, 0xd0, 0x3f, 0xd0,
    0x1f, 0xd0, 0xa, 0xf6,

    /* U+006C "l" */
    0xfe, 0xfe, 0xfe, 0xfe, 0xfe, 0xfe, 0xfe, 0xfe,
    0xfe, 0xfe, 0xfe,

    /* U+006D "m" */
    0x2f, 0xa9, 0xfe, 0x66, 0xef, 0x90, 0x2f, 0xfb,
    0x8f, 0xfe, 0x7d, 0xf5, 0x2f, 0xe0, 0xc, 0xf5,
    0x7, 0xf8, 0x2f, 0xc0, 0xc, 0xf3, 0x6, 0xf8,
    0x2f, 0xc0, 0xc, 0xf2, 0x6, 0xf8, 0x2f, 0xc0,
    0xc, 0xf2, 0x6, 0xf8, 0x2f, 0xc0, 0xc, 0xf2,
    0x6, 0xf8, 0x2f, 0xc0, 0xc, 0xf2, 0x6, 0xf8,

    /* U+006E "n" */
    0xf, 0xc7, 0xee, 0x90, 0xf, 0xfd, 0x7e, 0xf6,
    0xf, 0xf1, 0x6, 0xf9, 0xf, 0xe0, 0x5, 0xf9,
    0xf, 0xe0, 0x5, 0xf9, 0xf, 0xe0, 0x5, 0xf9,
    0xf, 0xe0, 0x5, 0xf9, 0xf, 0xe0, 0x5, 0xf9,

    /* U+006F "o" */
    0x0, 0x8e, 0xfc, 0x40, 0x0, 0xaf, 0xec, 0xff,
    0x40, 0x2f, 0xe1, 0x5, 0xfc, 0x6, 0xf9, 0x0,
    0xf, 0xf0, 0x6f, 0x90, 0x0, 0xff, 0x3, 0xfe,
    0x10, 0x5f, 0xc0, 0xb, 0xfe, 0xbf, 0xf4, 0x0,
    0x8, 0xef, 0xc4, 0x0,

    /* U+0070 "p" */
    0xf, 0xb7, 0xee, 0x80, 0x0, 0xff, 0xd8, 0xef,
    0x60, 0xf, 0xf1, 0x3, 0xfd, 0x0, 0xfe, 0x0,
    0xf, 0xf0, 0xf, 0xe0, 0x0, 0xff, 0x0, 0xff,
    0x30, 0x4f, 0xc0, 0xf, 0xff, 0xbf, 0xf5, 0x0,
    0xfe, 0x7e, 0xe7, 0x0, 0xf, 0xe0, 0x0, 0x0,
    0x0, 0xfe, 0x0, 0x0, 0x0, 0xf, 0xe0, 0x0,
    0x0, 0x0,

    /* U+0071 "q" */
    0x1, 0xbf, 0xd5, 0xfa, 0xb, 0xfd, 0xbf, 0xfa,
    0x2f, 0xe0, 0x8, 0xfa, 0x5f, 0xa0, 0x3, 0xfa,
    0x4f, 0xa0, 0x4, 0xfa, 0x2f, 0xd0, 0x9, 0xfa,
    0xb, 0xfd, 0xbf, 0xfa, 0x1, 0xbf, 0xc6, 0xfa,
    0x0, 0x0, 0x4, 0xfa, 0x0, 0x0, 0x4, 0xfa,
    0x0, 0x0, 0x4, 0xfa,

    /* U+0072 "r" */
    0x1f, 0xba, 0xf6, 0x1f, 0xfe, 0xc3, 0x1f, 0xf2,
    0x0, 0x1f, 0xe0, 0x0, 0x1f, 0xd0, 0x0, 0x1f,
    0xd0, 0x0, 0x1f, 0xd0, 0x0, 0x1f, 0xd0, 0x0,

    /* U+0073 "s" */
    0x5, 0xdf, 0xea, 0x0, 0x3f, 0xd8, 0xbf, 0x90,
    0x5f, 0xb2, 0x4, 0x10, 0x1e, 0xff, 0xe9, 0x10,
    0x1, 0x8c, 0xff, 0xd0, 0x38, 0x30, 0x1e, 0xf0,
    0x4f, 0xe8, 0x9f, 0xc0, 0x5, 0xcf, 0xea, 0x10,

    /* U+0074 "t" */
    0x0, 0x70, 0x0, 0xbf, 0x0, 0xe, 0xf0, 0xc,
    0xff, 0xf5, 0x8f, 0xfa, 0x30, 0xef, 0x0, 0xe,
    0xf0, 0x0, 0xef, 0x0, 0xe, 0xf0, 0x0, 0xdf,
    0xc5, 0x5, 0xef, 0x50,

    /* U+0075 "u" */
    0xf, 0xe0, 0x5, 0xf9, 0xf, 0xe0, 0x5, 0xf9,
    0xf, 0xe0, 0x5, 0xf9, 0xf, 0xe0, 0x5, 0xf9,
    0xf, 0xe0, 0x6, 0xf9, 0xf, 0xf0, 0x9, 0xf9,
    0xc, 0xfc, 0xaf, 0xf9, 0x3, 0xdf, 0xb5, 0xf9,

    /* U+0076 "v" */
    0xbf, 0x40, 0x8, 0xf6, 0x6f, 0x90, 0xd, 0xf1,
    0xf, 0xe0, 0x3f, 0xb0, 0xa, 0xf4, 0x8f, 0x50,
    0x4, 0xf9, 0xdf, 0x0, 0x0, 0xef, 0xfa, 0x0,
    0x0, 0x8f, 0xf4, 0x0, 0x0, 0x2f, 0xe0, 0x0,

    /* U+0077 "w" */
    0xcf, 0x0, 0x9f, 0x80, 0x2f, 0xb8, 0xf4, 0xd,
    0xfb, 0x6, 0xf7, 0x3f, 0x91, 0xff, 0xf0, 0xaf,
    0x20, 0xed, 0x4f, 0xbf, 0x3e, 0xd0, 0xa, 0xfa,
    0xf3, 0xfa, 0xf9, 0x0, 0x5f, 0xfd, 0xe, 0xff,
    0x40, 0x1, 0xff, 0x90, 0xaf, 0xf0, 0x0, 0xc,
    0xf5, 0x6, 0xfb, 0x0,

    /* U+0078 "x" */
    0x7f, 0xc0, 0x2f, 0xf2, 0xd, 0xf6, 0xbf, 0x70,
    0x3, 0xff, 0xfc, 0x0, 0x0, 0x8f, 0xf2, 0x0,
    0x0, 0xbf, 0xf6, 0x0, 0x5, 0xfd, 0xff, 0x10,
    0x1e, 0xf3, 0x9f, 0xb0, 0x9f, 0xa0, 0x1e, 0xf5,

    /* U+0079 "y" */
    0xbf, 0x40, 0x9, 0xf6, 0x6f, 0x90, 0xe, 0xf1,
    0xf, 0xe0, 0x3f, 0xb0, 0xa, 0xf3, 0x7f, 0x50,
    0x5, 0xf8, 0xcf, 0x0, 0x0, 0xfe, 0xfb, 0x0,
    0x0, 0x9f, 0xf5, 0x0, 0x0, 0x4f, 0xf0, 0x0,
    0x0, 0x7f, 0xa0, 0x0, 0x4a, 0xff, 0x40, 0x0,
    0x4f, 0xe7, 0x0, 0x0,

    /* U+007A "z" */
    0x8f, 0xff, 0xff, 0x85, 0xbb, 0xcf, 0xf6, 0x0,
    0xb, 0xfb, 0x0, 0x8, 0xfd, 0x0, 0x4, 0xff,
    0x20, 0x2, 0xff, 0x50, 0x0, 0xbf, 0xfc, 0xcc,
    0x9c, 0xff, 0xff, 0xfb,

    /* U+007B "{" */
    0x0, 0x5d, 0xf1, 0x0, 0xef, 0xc1, 0x1, 0xfb,
    0x0, 0x1, 0xfa, 0x0, 0x2, 0xf9, 0x0, 0x8,
    0xf7, 0x0, 0x9f, 0xc0, 0x0, 0x7f, 0xe1, 0x0,
    0x6, 0xf7, 0x0, 0x2, 0xfa, 0x0, 0x1, 0xfa,
    0x0, 0x1, 0xfb, 0x0, 0x0, 0xef, 0xc1, 0x0,
    0x4d, 0xf1,

    /* U+007C "|" */
    0xcb, 0xcb, 0xcb, 0xcb, 0xcb, 0xcb, 0xcb, 0xcb,
    0xcb, 0xcb, 0xcb, 0xcb, 0xcb, 0xcb,

    /* U+007D "}" */
    0xaf, 0x90, 0x8, 0xff, 0x40, 0x5, 0xf7, 0x0,
    0x4f, 0x70, 0x3, 0xf8, 0x0, 0x1f, 0xd1, 0x0,
    0x7f, 0xf0, 0x9, 0xfe, 0x1, 0xfc, 0x0, 0x3f,
    0x80, 0x4, 0xf7, 0x0, 0x5f, 0x70, 0x8f, 0xf4,
    0xa, 0xf9, 0x0,

    /* U+007E "~" */
    0x1a, 0xeb, 0x50, 0x17, 0x8f, 0xff, 0xff, 0xfb,
    0x63, 0x4, 0xbf, 0xd3, 0x0, 0x0, 0x0, 0x0,

    /* U+00C0 "À" */
    0x0, 0x9, 0xf5, 0x0, 0x0, 0x0, 0x0, 0xb,
    0xc0, 0x0, 0x0, 0x0, 0x0, 0x3, 0x0, 0x0,
    0x0, 0x0, 0x4f, 0xf3, 0x0, 0x0, 0x0, 0xa,
    0xff, 0x90, 0x0, 0x0, 0x0, 0xff, 0xfe, 0x0,
    0x0, 0x0, 0x5f, 0xbc, 0xf5, 0x0, 0x0, 0xb,
    0xf6, 0x7f, 0xb0, 0x0, 0x1, 0xff, 0x12, 0xff,
    0x10, 0x0, 0x6f, 0xc0, 0xd, 0xf6, 0x0, 0xc,
    0xff, 0xff, 0xff, 0xc0, 0x1, 0xff, 0xdd, 0xdd,
    0xff, 0x20, 0x7f, 0xb0, 0x0, 0xb, 0xf8, 0xd,
    0xf5, 0x0, 0x0, 0x5f, 0xd0,

    /* U+00C1 "Á" */
    0x0, 0x0, 0x7f, 0x70, 0x0, 0x0, 0x0, 0xe,
    0x90, 0x0, 0x0, 0x0, 0x0, 0x30, 0x0, 0x0,
    0x0, 0x0, 0x4f, 0xf3, 0x0, 0x0, 0x0, 0xa,
    0xff, 0x90, 0x0, 0x0, 0x0, 0xff, 0xfe, 0x0,
    0x0, 0x0, 0x5f, 0xbc, 0xf5, 0x0, 0x0, 0xb,
    0xf6, 0x7f, 0xb0, 0x0, 0x1, 0xff, 0x12, 0xff,
    0x10, 0x0, 0x6f, 0xc0, 0xd, 0xf6, 0x0, 0xc,
    0xff, 0xff, 0xff, 0xc0, 0x1, 0xff, 0xdd, 0xdd,
    0xff, 0x20, 0x7f, 0xb0, 0x0, 0xb, 0xf8, 0xd,
    0xf5, 0x0, 0x0, 0x5f, 0xd0,

    /* U+00C2 "Â" */
    0x0, 0x4, 0xff, 0x30, 0x0, 0x0, 0x0, 0xda,
    0xcc, 0x0, 0x0, 0x0, 0x2, 0x0, 0x20, 0x0,
    0x0, 0x0, 0x4f, 0xf3, 0x0, 0x0, 0x0, 0xa,
    0xff, 0x90, 0x0, 0x0, 0x0, 0xff, 0xfe, 0x0,
    0x0, 0x0, 0x5f, 0xbc, 0xf5, 0x0, 0x0, 0xb,
    0xf6, 0x7f, 0xb0, 0x0, 0x1, 0xff, 0x12, 0xff,
    0x10, 0x0, 0x6f, 0xc0, 0xd, 0xf6, 0x0, 0xc,
    0xff, 0xff, 0xff, 0xc0, 0x1, 0xff, 0xdd, 0xdd,
    0xff, 0x20, 0x7f, 0xb0, 0x0, 0xb, 0xf8, 0xd,
    0xf5, 0x0, 0x0, 0x5f, 0xd0,

    /* U+00C3 "Ã" */
    0x0, 0x0, 0x0, 0x0, 0x0, 0x0, 0x4, 0xff,
    0xff, 0x10, 0x0, 0x0, 0x13, 0x33, 0x10, 0x0,
    0x0, 0x0, 0x4f, 0xf3, 0x0, 0x0, 0x0, 0xa,
    0xff, 0x90, 0x0, 0x0, 0x0, 0xff, 0xfe, 0x0,
    0x0, 0x0, 0x5f, 0xbc, 0xf5, 0x0, 0x0, 0xb,
    0xf6, 0x7f, 0xb0, 0x0, 0x1, 0xff, 0x12, 0xff,
    0x10, 0x0, 0x6f, 0xc0, 0xd, 0xf6, 0x0, 0xc,
    0xff, 0xff, 0xff, 0xc0, 0x1, 0xff, 0xdd, 0xdd,
    0xff, 0x20, 0x7f, 0xb0, 0x0, 0xb, 0xf8, 0xd,
    0xf5, 0x0, 0x0, 0x5f, 0xd0,

    /* U+00C8 "È" */
    0x0, 0xcf, 0x20, 0x0, 0x0, 0x1d, 0x90, 0x0,
    0x0, 0x1, 0x20, 0x0, 0xff, 0xff, 0xff, 0xf7,
    0xff, 0xdd, 0xdd, 0xd6, 0xff, 0x0, 0x0, 0x0,
    0xff, 0x0, 0x0, 0x0, 0xff, 0xdd, 0xdd, 0xd1,
    0xff, 0xff, 0xff, 0xf1, 0xff, 0x0, 0x0, 0x0,
    0xff, 0x0, 0x0, 0x0, 0xff, 0x0, 0x0, 0x0,
    0xff, 0xdd, 0xdd, 0xd8, 0xff, 0xff, 0xff, 0xfa,

    /* U+00C9 "É" */
    0x0, 0xa, 0xf4, 0x0, 0x0, 0x1f, 0x60, 0x0,
    0x0, 0x12, 0x0, 0x0, 0xff, 0xff, 0xff, 0xf7,
    0xff, 0xdd, 0xdd, 0xd6, 0xff, 0x0, 0x0, 0x0,
    0xff, 0x0, 0x0, 0x0, 0xff, 0xdd, 0xdd, 0xd1,
    0xff, 0xff, 0xff, 0xf1, 0xff, 0x0, 0x0, 0x0,
    0xff, 0x0, 0x0, 0x0, 0xff, 0x0, 0x0, 0x0,
    0xff, 0xdd, 0xdd, 0xd8, 0xff, 0xff, 0xff, 0xfa,

    /* U+00CA "Ê" */
    0x0, 0x9f, 0xd0, 0x0, 0x4, 0xf7, 0xf7, 0x0,
    0x1, 0x20, 0x12, 0x0, 0xff, 0xff, 0xff, 0xf7,
    0xff, 0xdd, 0xdd, 0xd6, 0xff, 0x0, 0x0, 0x0,
    0xff, 0x0, 0x0, 0x0, 0xff, 0xdd, 0xdd, 0xd1,
    0xff, 0xff, 0xff, 0xf1, 0xff, 0x0, 0x0, 0x0,
    0xff, 0x0, 0x0, 0x0, 0xff, 0x0, 0x0, 0x0,
    0xff, 0xdd, 0xdd, 0xd8, 0xff, 0xff, 0xff, 0xfa,

    /* U+00CC "Ì" */
    0xa, 0xf4, 0x0, 0xc, 0xb0, 0x0, 0x3, 0x0,
    0xf, 0xf0, 0x0, 0xff, 0x0, 0xf, 0xf0, 0x0,
    0xff, 0x0, 0xf, 0xf0, 0x0, 0xff, 0x0, 0xf,
    0xf0, 0x0, 0xff, 0x0, 0xf, 0xf0, 0x0, 0xff,
    0x0, 0xf, 0xf0,

    /* U+00CD "Í" */
    0x8, 0xf6, 0xe, 0x80, 0x3, 0x0, 0xf, 0xf0,
    0xf, 0xf0, 0xf, 0xf0, 0xf, 0xf0, 0xf, 0xf0,
    0xf, 0xf0, 0xf, 0xf0, 0xf, 0xf0, 0xf, 0xf0,
    0xf, 0xf0, 0xf, 0xf0,

    /* U+00D2 "Ò" */
    0x0, 0x3, 0xfc, 0x0, 0x0, 0x0, 0x0, 0x4,
    0xf3, 0x0, 0x0, 0x0, 0x0, 0x2, 0x10, 0x0,
    0x0, 0x2, 0xae, 0xfe, 0x91, 0x0, 0x2, 0xef,
    0xfe, 0xff, 0xe1, 0x0, 0xbf, 0xb1, 0x1, 0xcf,
    0xa0, 0x1f, 0xf1, 0x0, 0x2, 0xff, 0x14, 0xfc,
    0x0, 0x0, 0xe, 0xf4, 0x5f, 0xb0, 0x0, 0x0,
    0xcf, 0x45, 0xfd, 0x0, 0x0, 0xe, 0xf4, 0x2f,
    0xf2, 0x0, 0x2, 0xff, 0x10, 0xcf, 0xc1, 0x2,
    0xcf, 0xa0, 0x2, 0xef, 0xfe, 0xff, 0xe1, 0x0,
    0x2, 0x9e, 0xfe, 0x91, 0x0,

    /* U+00D3 "Ó" */
    0x0, 0x0, 0x1f, 0xd0, 0x0, 0x0, 0x0, 0x7,
    0xe2, 0x0, 0x0, 0x0, 0x0, 0x21, 0x0, 0x0,
    0x0, 0x2, 0xae, 0xfe, 0x91, 0x0, 0x2, 0xef,
    0xfe, 0xff, 0xe1, 0x0, 0xbf, 0xb1, 0x1, 0xcf,
    0xa0, 0x1f, 0xf1, 0x0, 0x2, 0xff, 0x14, 0xfc,
    0x0, 0x0, 0xe, 0xf4, 0x5f, 0xb0, 0x0, 0x0,
    0xcf, 0x45, 0xfd, 0x0, 0x0, 0xe, 0xf4, 0x2f,
    0xf2, 0x0, 0x2, 0xff, 0x10, 0xcf, 0xc1, 0x2,
    0xcf, 0xa0, 0x2, 0xef, 0xfe, 0xff, 0xe1, 0x0,
    0x2, 0x9e, 0xfe, 0x91, 0x0,

    /* U+00D4 "Ô" */
    0x0, 0x0, 0xcf, 0x90, 0x0, 0x0, 0x0, 0x7f,
    0x7f, 0x40, 0x0, 0x0, 0x2, 0x10, 0x21, 0x0,
    0x0, 0x2, 0xae, 0xfe, 0x91, 0x0, 0x2, 0xef,
    0xfe, 0xff, 0xe1, 0x0, 0xbf, 0xb1, 0x1, 0xcf,
    0xa0, 0x1f, 0xf1, 0x0, 0x2, 0xff, 0x14, 0xfc,
    0x0, 0x0, 0xe, 0xf4, 0x5f, 0xb0, 0x0, 0x0,
    0xcf, 0x45, 0xfd, 0x0, 0x0, 0xe, 0xf4, 0x2f,
    0xf2, 0x0, 0x2, 0xff, 0x10, 0xcf, 0xc1, 0x2,
    0xcf, 0xa0, 0x2, 0xef, 0xfe, 0xff, 0xe1, 0x0,
    0x2, 0x9e, 0xfe, 0x91, 0x0,

    /* U+00D5 "Õ" */
    0x0, 0x0, 0x0, 0x0, 0x0, 0x0, 0x0, 0xcf,
    0xff, 0x80, 0x0, 0x0, 0x3, 0x33, 0x20, 0x0,
    0x0, 0x2, 0xae, 0xfe, 0x91, 0x0, 0x2, 0xef,
    0xfe, 0xff, 0xe1, 0x0, 0xbf, 0xb1, 0x1, 0xcf,
    0xa0, 0x1f, 0xf1, 0x0, 0x2, 0xff, 0x14, 0xfc,
    0x0, 0x0, 0xe, 0xf4, 0x5f, 0xb0, 0x0, 0x0,
    0xcf, 0x45, 0xfd, 0x0, 0x0, 0xe, 0xf4, 0x2f,
    0xf2, 0x0, 0x2, 0xff, 0x10, 0xcf, 0xc1, 0x2,
    0xcf, 0xa0, 0x2, 0xef, 0xfe, 0xff, 0xe1, 0x0,
    0x2, 0x9e, 0xfe, 0x91, 0x0,

    /* U+00D7 "×" */
    0x6, 0x60, 0x4, 0x80, 0x1f, 0xf5, 0x3f, 0xf2,
    0x4, 0xff, 0xef, 0x60, 0x0, 0x7f, 0xf9, 0x0,
    0x1, 0xdf, 0xfe, 0x20, 0xc, 0xf9, 0x7f, 0xe2,
    0xa, 0xa0, 0x9, 0xc0, 0x0, 0x0, 0x0, 0x0,

    /* U+00D9 "Ù" */
    0x0, 0x9f, 0x50, 0x0, 0x0, 0xb, 0xc0, 0x0,
    0x0, 0x0, 0x30, 0x0, 0xff, 0x0, 0x0, 0xff,
    0xff, 0x0, 0x0, 0xff, 0xff, 0x0, 0x0, 0xff,
    0xff, 0x0, 0x0, 0xff, 0xff, 0x0, 0x0, 0xff,
    0xff, 0x0, 0x0, 0xff, 0xff, 0x0, 0x0, 0xff,
    0xef, 0x10, 0x1, 0xff, 0xcf, 0x90, 0x7, 0xfc,
    0x5f, 0xff, 0xef, 0xf6, 0x5, 0xcf, 0xfd, 0x60,

    /* U+00DA "Ú" */
    0x0, 0x8, 0xf6, 0x0, 0x0, 0xe, 0x90, 0x0,
    0x0, 0x3, 0x0, 0x0, 0xff, 0x0, 0x0, 0xff,
    0xff, 0x0, 0x0, 0xff, 0xff, 0x0, 0x0, 0xff,
    0xff, 0x0, 0x0, 0xff, 0xff, 0x0, 0x0, 0xff,
    0xff, 0x0, 0x0, 0xff, 0xff, 0x0, 0x0, 0xff,
    0xef, 0x10, 0x1, 0xff, 0xcf, 0x90, 0x7, 0xfc,
    0x5f, 0xff, 0xef, 0xf6, 0x5, 0xcf, 0xfd, 0x60,

    /* U+00DD "Ý" */
    0x0, 0x0, 0xd, 0xe2, 0x0, 0x0, 0x0, 0x4,
    0xf3, 0x0, 0x0, 0x0, 0x0, 0x12, 0x0, 0x0,
    0x0, 0xbf, 0xa0, 0x0, 0x3f, 0xf1, 0x2, 0xff,
    0x20, 0xc, 0xf7, 0x0, 0x9, 0xfb, 0x5, 0xfe,
    0x0, 0x0, 0x1e, 0xf4, 0xdf, 0x50, 0x0, 0x0,
    0x6f, 0xef, 0xc0, 0x0, 0x0, 0x0, 0xdf, 0xf3,
    0x0, 0x0, 0x0, 0x6, 0xfb, 0x0, 0x0, 0x0,
    0x0, 0x5f, 0xa0, 0x0, 0x0, 0x0, 0x5, 0xfa,
    0x0, 0x0, 0x0, 0x0, 0x5f, 0xa0, 0x0, 0x0,
    0x0, 0x5, 0xfa, 0x0, 0x0,

    /* U+00E0 "à" */
    0x0, 0xcf, 0x20, 0x0, 0x0, 0x1d, 0x90, 0x0,
    0x0, 0x1, 0x20, 0x0, 0x3, 0xcf, 0xfb, 0x20,
    0xf, 0xfa, 0xcf, 0xb0, 0x16, 0x40, 0xf, 0xd0,
    0x1, 0x7b, 0xef, 0xe0, 0x2e, 0xfa, 0x6f, 0xe0,
    0x7f, 0x80, 0x1f, 0xe0, 0x5f, 0xc5, 0xbf, 0xe0,
    0x9, 0xee, 0x9c, 0xf2,

    /* U+00E1 "á" */
    0x0, 0x5, 0xf9, 0x0, 0x0, 0xc, 0xb0, 0x0,
    0x0, 0x3, 0x0, 0x0, 0x3, 0xcf, 0xfb, 0x20,
    0xf, 0xfa, 0xcf, 0xb0, 0x16, 0x40, 0xf, 0xd0,
    0x1, 0x7b, 0xef, 0xe0, 0x2e, 0xfa, 0x6f, 0xe0,
    0x7f, 0x80, 0x1f, 0xe0, 0x5f, 0xc5, 0xbf, 0xe0,
    0x9, 0xee, 0x9c, 0xf2,

    /* U+00E2 "â" */
    0x0, 0x4f, 0xf2, 0x0, 0x1, 0xe9, 0xcc, 0x0,
    0x0, 0x20, 0x12, 0x0, 0x3, 0xcf, 0xfb, 0x20,
    0xf, 0xfa, 0xcf, 0xb0, 0x16, 0x40, 0xf, 0xd0,
    0x1, 0x7b, 0xef, 0xe0, 0x2e, 0xfa, 0x6f, 0xe0,
    0x7f, 0x80, 0x1f, 0xe0, 0x5f, 0xc5, 0xbf, 0xe0,
    0x9, 0xee, 0x9c, 0xf2,

    /* U+00E3 "ã" */
    0x1, 0xeb, 0x2c, 0x30, 0x6, 0xa7, 0xfe, 0x0,
    0x1, 0x10, 0x11, 0x0, 0x3, 0xcf, 0xfb, 0x20,
    0xf, 0xfa, 0xcf, 0xb0, 0x16, 0x40, 0xf, 0xd0,
    0x1, 0x7b, 0xef, 0xe0, 0x2e, 0xfa, 0x6f, 0xe0,
    0x7f, 0x80, 0x1f, 0xe0, 0x5f, 0xc5, 0xbf, 0xe0,
    0x9, 0xee, 0x9c, 0xf2,

    /* U+00E8 "è" */
    0x0, 0xdf, 0x10, 0x0, 0x0, 0x1e, 0x80, 0x0,
    0x0, 0x1, 0x20, 0x0, 0x2, 0xbf, 0xe9, 0x0,
    0xd, 0xfa, 0xbf, 0xa0, 0x5f, 0x90, 0xd, 0xf0,
    0x7f, 0xff, 0xff, 0xf2, 0x8f, 0x93, 0x33, 0x30,
    0x5f, 0xb0, 0xa, 0x80, 0xe, 0xfb, 0xbf, 0xa0,
    0x2, 0xbf, 0xe9, 0x0,

    /* U+00E9 "é" */
    0x0, 0x6, 0xf8, 0x0, 0x0, 0xd, 0xa0, 0x0,
    0x0, 0x3, 0x0, 0x0, 0x2, 0xbf, 0xe9, 0x0,
    0xd, 0xfa, 0xbf, 0xa0, 0x5f, 0x90, 0xd, 0xf0,
    0x7f, 0xff, 0xff, 0xf2, 0x8f, 0x93, 0x33, 0x30,
    0x5f, 0xb0, 0xa, 0x80, 0xe, 0xfb, 0xbf, 0xa0,
    0x2, 0xbf, 0xe9, 0x0,

    /* U+00EA "ê" */
    0x0, 0x6f, 0xf1, 0x0, 0x1, 0xe9, 0xdb, 0x0,
    0x1, 0x20, 0x12, 0x0, 0x2, 0xbf, 0xe9, 0x0,
    0xd, 0xfa, 0xbf, 0xa0, 0x5f, 0x90, 0xd, 0xf0,
    0x7f, 0xff, 0xff, 0xf2, 0x8f, 0x93, 0x33, 0x30,
    0x5f, 0xb0, 0xa, 0x80, 0xe, 0xfb, 0xbf, 0xa0,
    0x2, 0xbf, 0xe9, 0x0,

    /* U+00EC "ì" */
    0xb, 0xf3, 0x0, 0xda, 0x0, 0x12, 0x0, 0xfe,
    0x0, 0xfe, 0x0, 0xfe, 0x0, 0xfe, 0x0, 0xfe,
    0x0, 0xfe, 0x0, 0xfe, 0x0, 0xfe,

    /* U+00ED "í" */
    0x6, 0xf8, 0xd, 0xa0, 0x3, 0x0, 0xf, 0xe0,
    0xf, 0xe0, 0xf, 0xe0, 0xf, 0xe0, 0xf, 0xe0,
    0xf, 0xe0, 0xf, 0xe0, 0xf, 0xe0,

    /* U+00F2 "ò" */
    0x0, 0x6f, 0x80, 0x0, 0x0, 0x0, 0x8e, 0x0,
    0x0, 0x0, 0x0, 0x30, 0x0, 0x0, 0x8, 0xef,
    0xc4, 0x0, 0xa, 0xfe, 0xcf, 0xf4, 0x2, 0xfe,
    0x10, 0x5f, 0xc0, 0x6f, 0x90, 0x0, 0xff, 0x6,
    0xf9, 0x0, 0xf, 0xf0, 0x3f, 0xe1, 0x5, 0xfc,
    0x0, 0xbf, 0xeb, 0xff, 0x40, 0x0, 0x8e, 0xfc,
    0x40, 0x0,

    /* U+00F3 "ó" */
    0x0, 0x0, 0xee, 0x10, 0x0, 0x0, 0x5f, 0x30,
    0x0, 0x0, 0x1, 0x20, 0x0, 0x0, 0x8, 0xef,
    0xc4, 0x0, 0xa, 0xfe, 0xcf, 0xf4, 0x2, 0xfe,
    0x10, 0x5f, 0xc0, 0x6f, 0x90, 0x0, 0xff, 0x6,
    0xf9, 0x0, 0xf, 0xf0, 0x3f, 0xe1, 0x5, 0xfc,
    0x0, 0xbf, 0xeb, 0xff, 0x40, 0x0, 0x8e, 0xfc,
    0x40, 0x0,

    /* U+00F4 "ô" */
    0x0, 0xd, 0xf8, 0x0, 0x0, 0x9, 0xe7, 0xf3,
    0x0, 0x0, 0x21, 0x2, 0x10, 0x0, 0x8, 0xef,
    0xc4, 0x0, 0xa, 0xfe, 0xcf, 0xf4, 0x2, 0xfe,
    0x10, 0x5f, 0xc0, 0x6f, 0x90, 0x0, 0xff, 0x6,
    0xf9, 0x0, 0xf, 0xf0, 0x3f, 0xe1, 0x5, 0xfc,
    0x0, 0xbf, 0xeb, 0xff, 0x40, 0x0, 0x8e, 0xfc,
    0x40, 0x0,

    /* U+00F5 "õ" */
    0x0, 0xae, 0x55, 0xa0, 0x0, 0xe, 0x5c, 0xf5,
    0x0, 0x0, 0x20, 0x2, 0x0, 0x0, 0x8, 0xef,
    0xc4, 0x0, 0xa, 0xfe, 0xcf, 0xf4, 0x2, 0xfe,
    0x10, 0x5f, 0xc0, 0x6f, 0x90, 0x0, 0xff, 0x6,
    0xf9, 0x0, 0xf, 0xf0, 0x3f, 0xe1, 0x5, 0xfc,
    0x0, 0xbf, 0xeb, 0xff, 0x40, 0x0, 0x8e, 0xfc,
    0x40, 0x0,

    /* U+00F7 "÷" */

    /* U+00F9 "ù" */
    0x0, 0x6f, 0x80, 0x0, 0x0, 0x9, 0xe0, 0x0,
    0x0, 0x0, 0x30, 0x0, 0xf, 0xe0, 0x5, 0xf9,
    0xf, 0xe0, 0x5, 0xf9, 0xf, 0xe0, 0x5, 0xf9,
    0xf, 0xe0, 0x5, 0xf9, 0xf, 0xe0, 0x6, 0xf9,
    0xf, 0xf0, 0x9, 0xf9, 0xc, 0xfc, 0xaf, 0xf9,
    0x3, 0xdf, 0xb5, 0xf9,

    /* U+00FA "ú" */
    0x0, 0x0, 0xee, 0x10, 0x0, 0x6, 0xf2, 0x0,
    0x0, 0x2, 0x10, 0x0, 0xf, 0xe0, 0x5, 0xf9,
    0xf, 0xe0, 0x5, 0xf9, 0xf, 0xe0, 0x5, 0xf9,
    0xf, 0xe0, 0x5, 0xf9, 0xf, 0xe0, 0x6, 0xf9,
    0xf, 0xf0, 0x9, 0xf9, 0xc, 0xfc, 0xaf, 0xf9,
    0x3, 0xdf, 0xb5, 0xf9,

    /* U+00FD "ý" */
    0x0, 0x6, 0xf8, 0x0, 0x0, 0xd, 0xa0, 0x0,
    0x0, 0x3, 0x0, 0x0, 0xbf, 0x40, 0x9, 0xf6,
    0x6f, 0x90, 0xe, 0xf1, 0xf, 0xe0, 0x3f, 0xb0,
    0xa, 0xf3, 0x7f, 0x50, 0x5, 0xf8, 0xcf, 0x0,
    0x0, 0xfe, 0xfb, 0x0, 0x0, 0x9f, 0xf5, 0x0,
    0x0, 0x4f, 0xf0, 0x0, 0x0, 0x7f, 0xa0, 0x0,
    0x4a, 0xff, 0x40, 0x0, 0x4f, 0xe7, 0x0, 0x0,

    /* U+0102 "Ă" */
    0x0, 0x7, 0x0, 0x70, 0x0, 0x0, 0x0, 0x9f,
    0xf9, 0x0, 0x0, 0x0, 0x0, 0x1, 0x0, 0x0,
    0x0, 0x0, 0x4f, 0xf3, 0x0, 0x0, 0x0, 0xa,
    0xff, 0x90, 0x0, 0x0, 0x0, 0xff, 0xfe, 0x0,
    0x0, 0x0, 0x5f, 0xbc, 0xf5, 0x0, 0x0, 0xb,
    0xf6, 0x7f, 0xb0, 0x0, 0x1, 0xff, 0x12, 0xff,
    0x10, 0x0, 0x6f, 0xc0, 0xd, 0xf6, 0x0, 0xc,
    0xff, 0xff, 0xff, 0xc0, 0x1, 0xff, 0xdd, 0xdd,
    0xff, 0x20, 0x7f, 0xb0, 0x0, 0xb, 0xf8, 0xd,
    0xf5, 0x0, 0x0, 0x5f, 0xd0,

    /* U+0103 "ă" */
    0x2, 0xe0, 0x2e, 0x0, 0x0, 0x9f, 0xf5, 0x0,
    0x0, 0x0, 0x0, 0x0, 0x3, 0xcf, 0xfb, 0x20,
    0xf, 0xfa, 0xcf, 0xb0, 0x16, 0x40, 0xf, 0xd0,
    0x1, 0x7b, 0xef, 0xe0, 0x2e, 0xfa, 0x6f, 0xe0,
    0x7f, 0x80, 0x1f, 0xe0, 0x5f, 0xc5, 0xbf, 0xe0,
    0x9, 0xee, 0x9c, 0xf2,

    /* U+010C "Č" */

    /* U+010D "č" */

    /* U+0110 "Đ" */
    0x0, 0xff, 0xff, 0xfc, 0x40, 0x0, 0xf, 0xfd,
    0xde, 0xff, 0x50, 0x0, 0xff, 0x0, 0x8, 0xfd,
    0x0, 0xf, 0xf0, 0x0, 0xe, 0xf3, 0x1, 0xff,
    0x11, 0x0, 0xbf, 0x50, 0xff, 0xff, 0xf3, 0xa,
    0xf6, 0x4, 0xff, 0x44, 0x0, 0xbf, 0x50, 0xf,
    0xf0, 0x0, 0xe, 0xf3, 0x0, 0xff, 0x0, 0x6,
    0xfd, 0x0, 0xf, 0xfd, 0xde, 0xff, 0x50, 0x0,
    0xff, 0xff, 0xfc, 0x40, 0x0,

    /* U+0111 "đ" */
    0x0, 0x0, 0x15, 0xfb, 0x0, 0x0, 0x5f, 0xff,
    0xf6, 0x0, 0x1, 0x47, 0xfc, 0x10, 0x2b, 0xfd,
    0x7f, 0xa0, 0xc, 0xfc, 0xaf, 0xfa, 0x3, 0xfd,
    0x0, 0x9f, 0xa0, 0x5f, 0x90, 0x4, 0xfa, 0x5,
    0xf9, 0x0, 0x4f, 0xa0, 0x3f, 0xc0, 0x8, 0xfa,
    0x0, 0xcf, 0xb9, 0xff, 0xa0, 0x1, 0xbf, 0xd6,
    0xfa, 0x0,

    /* U+0128 "Ĩ" */
    0x0, 0x0, 0x0, 0x2e, 0xb2, 0xc3, 0x6a, 0x7f,
    0xe0, 0x11, 0x1, 0x10, 0x0, 0xff, 0x0, 0x0,
    0xff, 0x0, 0x0, 0xff, 0x0, 0x0, 0xff, 0x0,
    0x0, 0xff, 0x0, 0x0, 0xff, 0x0, 0x0, 0xff,
    0x0, 0x0, 0xff, 0x0, 0x0, 0xff, 0x0, 0x0,
    0xff, 0x0, 0x0, 0xff, 0x0,

    /* U+0129 "ĩ" */
    0x2e, 0xb2, 0xc3, 0x6a, 0x7f, 0xe0, 0x11, 0x1,
    0x10, 0x0, 0xfe, 0x0, 0x0, 0xfe, 0x0, 0x0,
    0xfe, 0x0, 0x0, 0xfe, 0x0, 0x0, 0xfe, 0x0,
    0x0, 0xfe, 0x0, 0x0, 0xfe, 0x0, 0x0, 0xfe,
    0x0,

    /* U+0168 "Ũ" */
    0x0, 0x0, 0x0, 0x0, 0x1, 0xdc, 0x3a, 0x50,
    0x5, 0xb6, 0xef, 0x10, 0x1, 0x10, 0x1, 0x0,
    0xff, 0x0, 0x0, 0xff, 0xff, 0x0, 0x0, 0xff,
    0xff, 0x0, 0x0, 0xff, 0xff, 0x0, 0x0, 0xff,
    0xff, 0x0, 0x0, 0xff, 0xff, 0x0, 0x0, 0xff,
    0xff, 0x0, 0x0, 0xff, 0xef, 0x10, 0x1, 0xff,
    0xcf, 0x90, 0x7, 0xfc, 0x5f, 0xff, 0xef, 0xf6,
    0x5, 0xcf, 0xfd, 0x60,

    /* U+0169 "ũ" */
    0x0, 0xbe, 0x47, 0x80, 0x1, 0xe5, 0xdf, 0x40,
    0x0, 0x20, 0x2, 0x0, 0xf, 0xe0, 0x5, 0xf9,
    0xf, 0xe0, 0x5, 0xf9, 0xf, 0xe0, 0x5, 0xf9,
    0xf, 0xe0, 0x5, 0xf9, 0xf, 0xe0, 0x6, 0xf9,
    0xf, 0xf0, 0x9, 0xf9, 0xc, 0xfc, 0xaf, 0xf9,
    0x3, 0xdf, 0xb5, 0xf9,

    /* U+01A0 "Ơ" */
    0x0, 0x2a, 0xef, 0xe9, 0x10, 0xff, 0x2, 0xef,
    0xeb, 0xef, 0xe2, 0xfe, 0xb, 0xfa, 0x0, 0xa,
    0xfb, 0x3d, 0x1f, 0xf1, 0x0, 0x1, 0xff, 0xc7,
    0x4f, 0xc0, 0x0, 0x0, 0xdf, 0x70, 0x5f, 0xb0,
    0x0, 0x0, 0xcf, 0x40, 0x5f, 0xd0, 0x0, 0x0,
    0xef, 0x30, 0x2f, 0xf2, 0x0, 0x3, 0xff, 0x0,
    0xc, 0xfc, 0x10, 0x2d, 0xfa, 0x0, 0x2, 0xef,
    0xfe, 0xff, 0xe1, 0x0, 0x0, 0x19, 0xef, 0xe9,
    0x10, 0x0,

    /* U+01A1 "ơ" */
    0x0, 0x8e, 0xfc, 0x40, 0xff, 0xa, 0xfc, 0x9e,
    0xf4, 0xff, 0x2f, 0xd0, 0x4, 0xfc, 0x3d, 0x6f,
    0x90, 0x0, 0xff, 0xc7, 0x6f, 0x90, 0x0, 0xff,
    0x50, 0x3f, 0xe1, 0x5, 0xfc, 0x0, 0xb, 0xfe,
    0xbf, 0xf3, 0x0, 0x0, 0x8e, 0xfc, 0x40, 0x0,

    /* U+01AF "Ư" */
    0xff, 0x0, 0x0, 0xff, 0x5f, 0x9f, 0xf0, 0x0,
    0xf, 0xf5, 0xf9, 0xff, 0x0, 0x0, 0xff, 0x7,
    0x8f, 0xf0, 0x0, 0xf, 0xf5, 0xd2, 0xff, 0x0,
    0x0, 0xff, 0x82, 0xf, 0xf0, 0x0, 0xf, 0xf0,
    0x0, 0xff, 0x0, 0x0, 0xff, 0x0, 0xe, 0xf1,
    0x0, 0x1f, 0xf0, 0x0, 0xcf, 0x80, 0x7, 0xfc,
    0x0, 0x5, 0xff, 0xfe, 0xff, 0x60, 0x0, 0x5,
    0xcf, 0xfd, 0x60, 0x0, 0x0,

    /* U+01B0 "ư" */
    0xf, 0xe0, 0x5, 0xf9, 0xcf, 0x20, 0xfe, 0x0,
    0x5f, 0x9c, 0xf2, 0xf, 0xe0, 0x5, 0xf9, 0x1e,
    0x10, 0xfe, 0x0, 0x5f, 0xa8, 0xb0, 0xf, 0xe0,
    0x6, 0xfe, 0x70, 0x0, 0xff, 0x0, 0x8f, 0x90,
    0x0, 0xd, 0xfa, 0x8f, 0xf9, 0x0, 0x0, 0x3d,
    0xfc, 0x6f, 0x90, 0x0,

    /* U+1EA0 "Ạ" */
    0x0, 0x4, 0xff, 0x30, 0x0, 0x0, 0x0, 0xaf,
    0xf9, 0x0, 0x0, 0x0, 0xf, 0xff, 0xe0, 0x0,
    0x0, 0x5, 0xfb, 0xcf, 0x50, 0x0, 0x0, 0xbf,
    0x67, 0xfb, 0x0, 0x0, 0x1f, 0xf1, 0x2f, 0xf1,
    0x0, 0x6, 0xfc, 0x0, 0xdf, 0x60, 0x0, 0xcf,
    0xff, 0xff, 0xfc, 0x0, 0x1f, 0xfd, 0xdd, 0xdf,
    0xf2, 0x7, 0xfb, 0x0, 0x0, 0xbf, 0x80, 0xdf,
    0x50, 0x0, 0x5, 0xfd, 0x0, 0x0, 0x0, 0x0,
    0x0, 0x0, 0x0, 0x0, 0xff, 0x0, 0x0, 0x0,
    0x0, 0xf, 0xf0, 0x0, 0x0,

    /* U+1EA1 "ạ" */
    0x3, 0xcf, 0xfb, 0x20, 0xf, 0xfa, 0xcf, 0xb0,
    0x16, 0x40, 0xf, 0xd0, 0x1, 0x7b, 0xef, 0xe0,
    0x2e, 0xfa, 0x6f, 0xe0, 0x7f, 0x80, 0x1f, 0xe0,
    0x5f, 0xc5, 0xbf, 0xe0, 0x9, 0xee, 0x9c, 0xf2,
    0x0, 0x1, 0x0, 0x0, 0x0, 0x5f, 0x90, 0x0,
    0x0, 0x5f, 0x90, 0x0,

    /* U+1EA2 "Ả" */
    0x0, 0x3, 0xcc, 0x30, 0x0, 0x0, 0x0, 0x2,
    0xc6, 0x0, 0x0, 0x0, 0x0, 0x22, 0x0, 0x0,
    0x0, 0x0, 0x4f, 0xf3, 0x0, 0x0, 0x0, 0xa,
    0xff, 0x90, 0x0, 0x0, 0x0, 0xff, 0xfe, 0x0,
    0x0, 0x0, 0x5f, 0xbc, 0xf5, 0x0, 0x0, 0xb,
    0xf6, 0x7f, 0xb0, 0x0, 0x1, 0xff, 0x12, 0xff,
    0x10, 0x0, 0x6f, 0xc0, 0xd, 0xf6, 0x0, 0xc,
    0xff, 0xff, 0xff, 0xc0, 0x1, 0xff, 0xdd, 0xdd,
    0xff, 0x20, 0x7f, 0xb0, 0x0, 0xb, 0xf8, 0xd,
    0xf5, 0x0, 0x0, 0x5f, 0xd0,

    /* U+1EA3 "ả" */
    0x0, 0x5c, 0xd2, 0x0, 0x0, 0x4, 0xc4, 0x0,
    0x0, 0x2, 0x10, 0x0, 0x3, 0xcf, 0xfb, 0x20,
    0xf, 0xfa, 0xcf, 0xb0, 0x16, 0x40, 0xf, 0xd0,
    0x1, 0x7b, 0xef, 0xe0, 0x2e, 0xfa, 0x6f, 0xe0,
    0x7f, 0x80, 0x1f, 0xe0, 0x5f, 0xc5, 0xbf, 0xe0,
    0x9, 0xee, 0x9c, 0xf2,

    /* U+1EA4 "Ấ" */
    0x0, 0x0, 0x0, 0x1, 0x32, 0x0, 0x0, 0x0,
    0x0, 0x9f, 0x40, 0x0, 0x4, 0xff, 0x3f, 0x70,
    0x0, 0x0, 0xdc, 0xdc, 0x0, 0x0, 0x0, 0x2,
    0x1, 0x20, 0x0, 0x0, 0x0, 0x4f, 0xf3, 0x0,
    0x0, 0x0, 0xa, 0xff, 0x90, 0x0, 0x0, 0x0,
    0xff, 0xfe, 0x0, 0x0, 0x0, 0x5f, 0xbc, 0xf5,
    0x0, 0x0, 0xb, 0xf6, 0x7f, 0xb0, 0x0, 0x1,
    0xff, 0x12, 0xff, 0x10, 0x0, 0x6f, 0xc0, 0xd,
    0xf6, 0x0, 0xc, 0xff, 0xff, 0xff, 0xc0, 0x1,
    0xff, 0xdd, 0xdd, 0xff, 0x20, 0x7f, 0xb0, 0x0,
    0xb, 0xf8, 0xd, 0xf5, 0x0, 0x0, 0x5f, 0xd0,

    /* U+1EA5 "ấ" */
    0x0, 0x0, 0x0, 0x8f, 0x60, 0x0, 0x0, 0xe,
    0x90, 0x0, 0x4f, 0xf3, 0x30, 0x0, 0x1e, 0x8b,
    0xc0, 0x0, 0x0, 0x20, 0x12, 0x0, 0x0, 0x3c,
    0xff, 0xb2, 0x0, 0xf, 0xfa, 0xcf, 0xb0, 0x1,
    0x64, 0x0, 0xfd, 0x0, 0x1, 0x7b, 0xef, 0xe0,
    0x2, 0xef, 0xa6, 0xfe, 0x0, 0x7f, 0x80, 0x1f,
    0xe0, 0x5, 0xfc, 0x5b, 0xfe, 0x0, 0x9, 0xee,
    0x9c, 0xf2, 0x0,

    /* U+1EA6 "Ầ" */
    0x0, 0x0, 0x1, 0x32, 0x0, 0x0, 0x0, 0x0,
    0x1d, 0xe0, 0x0, 0x0, 0x4, 0xff, 0x5e, 0x60,
    0x0, 0x0, 0xdc, 0xdc, 0x0, 0x0, 0x0, 0x2,
    0x1, 0x20, 0x0, 0x0, 0x0, 0x4f, 0xf3, 0x0,
    0x0, 0x0, 0xa, 0xff, 0x90, 0x0, 0x0, 0x0,
    0xff, 0xfe, 0x0, 0x0, 0x0, 0x5f, 0xbc, 0xf5,
    0x0, 0x0, 0xb, 0xf6, 0x7f, 0xb0, 0x0, 0x1,
    0xff, 0x12, 0xff, 0x10, 0x0, 0x6f, 0xc0, 0xd,
    0xf6, 0x0, 0xc, 0xff, 0xff, 0xff, 0xc0, 0x1,
    0xff, 0xdd, 0xdd, 0xff, 0x20, 0x7f, 0xb0, 0x0,
    0xb, 0xf8, 0xd, 0xf5, 0x0, 0x0, 0x5f, 0xd0,

    /* U+1EA7 "ầ" */
    0x0, 0x0, 0x2f, 0xd0, 0x0, 0x0, 0x4, 0xf3,
    0x0, 0x4f, 0xf2, 0x21, 0x1, 0xe8, 0xbc, 0x0,
    0x0, 0x20, 0x12, 0x0, 0x3, 0xcf, 0xfb, 0x20,
    0xf, 0xfa, 0xcf, 0xb0, 0x16, 0x40, 0xf, 0xd0,
    0x1, 0x7b, 0xef, 0xe0, 0x2e, 0xfa, 0x6f, 0xe0,
    0x7f, 0x80, 0x1f, 0xe0, 0x5f, 0xc5, 0xbf, 0xe0,
    0x9, 0xee, 0x9c, 0xf2,

    /* U+1EA8 "Ẩ" */
    0x0, 0x0, 0x0, 0xac, 0xa0, 0x0, 0x0, 0x4f,
    0xf3, 0xb4, 0x0, 0x0, 0xd, 0xac, 0xc0, 0x0,
    0x0, 0x0, 0x20, 0x2, 0x0, 0x0, 0x0, 0x4,
    0xff, 0x30, 0x0, 0x0, 0x0, 0xaf, 0xf9, 0x0,
    0x0, 0x0, 0xf, 0xff, 0xe0, 0x0, 0x0, 0x5,
    0xfb, 0xcf, 0x50, 0x0, 0x0, 0xbf, 0x67, 0xfb,
    0x0, 0x0, 0x1f, 0xf1, 0x2f, 0xf1, 0x0, 0x6,
    0xfc, 0x0, 0xdf, 0x60, 0x0, 0xcf, 0xff, 0xff,
    0xfc, 0x0, 0x1f, 0xfd, 0xdd, 0xdf, 0xf2, 0x7,
    0xfb, 0x0, 0x0, 0xbf, 0x80, 0xdf, 0x50, 0x0,
    0x5, 0xfd, 0x0,

    /* U+1EA9 "ẩ" */
    0x0, 0x0, 0xb, 0xc6, 0x0, 0x0, 0x0, 0x5e,
    0x0, 0x4f, 0xf2, 0xa2, 0x1, 0xe9, 0xcc, 0x0,
    0x0, 0x20, 0x12, 0x0, 0x3, 0xcf, 0xfb, 0x20,
    0xf, 0xfa, 0xcf, 0xb0, 0x16, 0x40, 0xf, 0xd0,
    0x1, 0x7b, 0xef, 0xe0, 0x2e, 0xfa, 0x6f, 0xe0,
    0x7f, 0x80, 0x1f, 0xe0, 0x5f, 0xc5, 0xbf, 0xe0,
    0x9, 0xee, 0x9c, 0xf2,

    /* U+1EAA "Ẫ" */
    0x0, 0x0, 0x0, 0x0, 0x0, 0x0, 0x2, 0xeb,
    0x2c, 0x20, 0x0, 0x0, 0x79, 0x6e, 0xc0, 0x0,
    0x0, 0x0, 0x4f, 0xf3, 0x0, 0x0, 0x0, 0xd,
    0xac, 0xc0, 0x0, 0x0, 0x0, 0x20, 0x2, 0x0,
    0x0, 0x0, 0x4, 0xff, 0x30, 0x0, 0x0, 0x0,
    0xaf, 0xf9, 0x0, 0x0, 0x0, 0xf, 0xff, 0xe0,
    0x0, 0x0, 0x5, 0xfb, 0xcf, 0x50, 0x0, 0x0,
    0xbf, 0x67, 0xfb, 0x0, 0x0, 0x1f, 0xf1, 0x2f,
    0xf1, 0x0, 0x6, 0xfc, 0x0, 0xdf, 0x60, 0x0,
    0xcf, 0xff, 0xff, 0xfc, 0x0, 0x1f, 0xfd, 0xdd,
    0xdf, 0xf2, 0x7, 0xfb, 0x0, 0x0, 0xbf, 0x80,
    0xdf, 0x50, 0x0, 0x5, 0xfd, 0x0,

    /* U+1EAB "ẫ" */
    0x0, 0x0, 0x0, 0x0, 0x5, 0xff, 0xff, 0x10,
    0x1, 0x33, 0x31, 0x0, 0x0, 0x4f, 0xf2, 0x0,
    0x1, 0xe9, 0xcc, 0x0, 0x0, 0x20, 0x12, 0x0,
    0x3, 0xcf, 0xfb, 0x20, 0xf, 0xfa, 0xcf, 0xb0,
    0x16, 0x40, 0xf, 0xd0, 0x1, 0x7b, 0xef, 0xe0,
    0x2e, 0xfa, 0x6f, 0xe0, 0x7f, 0x80, 0x1f, 0xe0,
    0x5f, 0xc5, 0xbf, 0xe0, 0x9, 0xee, 0x9c, 0xf2,

    /* U+1EAC "Ậ" */
    0x0, 0x0, 0x22, 0x0, 0x0, 0x0, 0x0, 0x5f,
    0xf4, 0x0, 0x0, 0x0, 0x1e, 0x8a, 0xe0, 0x0,
    0x0, 0x0, 0x4f, 0xf3, 0x0, 0x0, 0x0, 0xa,
    0xff, 0x90, 0x0, 0x0, 0x0, 0xff, 0xfe, 0x0,
    0x0, 0x0, 0x5f, 0xbc, 0xf5, 0x0, 0x0, 0xb,
    0xf6, 0x7f, 0xb0, 0x0, 0x1, 0xff, 0x12, 0xff,
    0x10, 0x0, 0x6f, 0xc0, 0xd, 0xf6, 0x0, 0xc,
    0xff, 0xff, 0xff, 0xc0, 0x1, 0xff, 0xdd, 0xdd,
    0xff, 0x20, 0x7f, 0xb0, 0x0, 0xb, 0xf8, 0xd,
    0xf5, 0x0, 0x0, 0x5f, 0xd0, 0x0, 0x0, 0x0,
    0x0, 0x0, 0x0, 0x0, 0xf, 0xf0, 0x0, 0x0,
    0x0, 0x0, 0xff, 0x0, 0x0, 0x0,

    /* U+1EAD "ậ" */
    0x0, 0x4f, 0xf2, 0x0, 0x1, 0xe9, 0xcc, 0x0,
    0x0, 0x20, 0x12, 0x0, 0x3, 0xcf, 0xfb, 0x20,
    0xf, 0xfa, 0xcf, 0xb0, 0x16, 0x40, 0xf, 0xd0,
    0x1, 0x7b, 0xef, 0xe0, 0x2e, 0xfa, 0x6f, 0xe0,
    0x7f, 0x80, 0x1f, 0xe0, 0x5f, 0xc5, 0xbf, 0xe0,
    0x9, 0xee, 0x9c, 0xf2, 0x0, 0x1, 0x0, 0x0,
    0x0, 0x5f, 0x90, 0x0, 0x0, 0x5f, 0x90, 0x0,

    /* U+1EAE "Ắ" */
    0x0, 0x0, 0x2, 0x30, 0x0, 0x0, 0x0, 0x2,
    0xfb, 0x0, 0x0, 0x0, 0x0, 0x8d, 0x0, 0x0,
    0x0, 0x0, 0xa1, 0xa, 0x0, 0x0, 0x0, 0x8,
    0xff, 0x80, 0x0, 0x0, 0x0, 0x0, 0x0, 0x0,
    0x0, 0x0, 0x4, 0xff, 0x30, 0x0, 0x0, 0x0,
    0xaf, 0xf9, 0x0, 0x0, 0x0, 0xf, 0xff, 0xe0,
    0x0, 0x0, 0x5, 0xfb, 0xcf, 0x50, 0x0, 0x0,
    0xbf, 0x67, 0xfb, 0x0, 0x0, 0x1f, 0xf1, 0x2f,
    0xf1, 0x0, 0x6, 0xfc, 0x0, 0xdf, 0x60, 0x0,
    0xcf, 0xff, 0xff, 0xfc, 0x0, 0x1f, 0xfd, 0xdd,
    0xdf, 0xf2, 0x7, 0xfb, 0x0, 0x0, 0xbf, 0x80,
    0xdf, 0x50, 0x0, 0x5, 0xfd, 0x0,

    /* U+1EAF "ắ" */
    0x0, 0x2, 0xfb, 0x0, 0x0, 0x9, 0xd1, 0x0,
    0x0, 0x2, 0x10, 0x0, 0x2, 0xe0, 0x2e, 0x0,
    0x0, 0x9f, 0xf5, 0x0, 0x0, 0x0, 0x0, 0x0,
    0x3, 0xcf, 0xfb, 0x20, 0xf, 0xfa, 0xcf, 0xb0,
    0x16, 0x40, 0xf, 0xd0, 0x1, 0x7b, 0xef, 0xe0,
    0x2e, 0xfa, 0x6f, 0xe0, 0x7f, 0x80, 0x1f, 0xe0,
    0x5f, 0xc5, 0xbf, 0xe0, 0x9, 0xee, 0x9c, 0xf2,

    /* U+1EB0 "Ằ" */
    0x0, 0x3, 0x20, 0x0, 0x0, 0x0, 0x0, 0xbf,
    0x20, 0x0, 0x0, 0x0, 0x0, 0xd8, 0x0, 0x0,
    0x0, 0x0, 0xa1, 0xa, 0x0, 0x0, 0x0, 0x8,
    0xff, 0x80, 0x0, 0x0, 0x0, 0x0, 0x0, 0x0,
    0x0, 0x0, 0x4, 0xff, 0x30, 0x0, 0x0, 0x0,
    0xaf, 0xf9, 0x0, 0x0, 0x0, 0xf, 0xff, 0xe0,
    0x0, 0x0, 0x5, 0xfb, 0xcf, 0x50, 0x0, 0x0,
    0xbf, 0x67, 0xfb, 0x0, 0x0, 0x1f, 0xf1, 0x2f,
    0xf1, 0x0, 0x6, 0xfc, 0x0, 0xdf, 0x60, 0x0,
    0xcf, 0xff, 0xff, 0xfc, 0x0, 0x1f, 0xfd, 0xdd,
    0xdf, 0xf2, 0x7, 0xfb, 0x0, 0x0, 0xbf, 0x80,
    0xdf, 0x50, 0x0, 0x5, 0xfd, 0x0,

    /* U+1EB1 "ằ" */
    0x2, 0xed, 0x0, 0x0, 0x0, 0x3f, 0x50, 0x0,
    0x0, 0x2, 0x10, 0x0, 0x2, 0xe0, 0x2e, 0x0,
    0x0, 0x9f, 0xf5, 0x0, 0x0, 0x0, 0x0, 0x0,
    0x3, 0xcf, 0xfb, 0x20, 0xf, 0xfa, 0xcf, 0xb0,
    0x16, 0x40, 0xf, 0xd0, 0x1, 0x7b, 0xef, 0xe0,
    0x2e, 0xfa, 0x6f, 0xe0, 0x7f, 0x80, 0x1f, 0xe0,
    0x5f, 0xc5, 0xbf, 0xe0, 0x9, 0xee, 0x9c, 0xf2,

    /* U+1EB2 "Ẳ" */
    0x0, 0x3, 0xcc, 0x40, 0x0, 0x0, 0x0, 0x2,
    0xb5, 0x0, 0x0, 0x0, 0xb, 0x11, 0xa0, 0x0,
    0x0, 0x0, 0x7f, 0xf8, 0x0, 0x0, 0x0, 0x0,
    0x0, 0x0, 0x0, 0x0, 0x0, 0x4f, 0xf3, 0x0,
    0x0, 0x0, 0xa, 0xff, 0x90, 0x0, 0x0, 0x0,
    0xff, 0xfe, 0x0, 0x0, 0x0, 0x5f, 0xbc, 0xf5,
    0x0, 0x0, 0xb, 0xf6, 0x7f, 0xb0, 0x0, 0x1,
    0xff, 0x12, 0xff, 0x10, 0x0, 0x6f, 0xc0, 0xd,
    0xf6, 0x0, 0xc, 0xff, 0xff, 0xff, 0xc0, 0x1,
    0xff, 0xdd, 0xdd, 0xff, 0x20, 0x7f, 0xb0, 0x0,
    0xb, 0xf8, 0xd, 0xf5, 0x0, 0x0, 0x5f, 0xd0,

    /* U+1EB3 "ẳ" */
    0x0, 0x4c, 0xb2, 0x0, 0x0, 0x1, 0xd6, 0x0,
    0x0, 0x5, 0x50, 0x0, 0x2, 0xe0, 0x2e, 0x0,
    0x0, 0x9f, 0xf5, 0x0, 0x0, 0x0, 0x0, 0x0,
    0x3, 0xcf, 0xfb, 0x20, 0xf, 0xfa, 0xcf, 0xb0,
    0x16, 0x40, 0xf, 0xd0, 0x1, 0x7b, 0xef, 0xe0,
    0x2e, 0xfa, 0x6f, 0xe0, 0x7f, 0x80, 0x1f, 0xe0,
    0x5f, 0xc5, 0xbf, 0xe0, 0x9, 0xee, 0x9c, 0xf2,

    /* U+1EB4 "Ẵ" */
    0x0, 0x0, 0x0, 0x0, 0x0, 0x0, 0x1, 0xec,
    0x3b, 0x40, 0x0, 0x0, 0x5a, 0x7f, 0xf1, 0x0,
    0x0, 0x1, 0x90, 0x19, 0x0, 0x0, 0x0, 0x8,
    0xff, 0x90, 0x0, 0x0, 0x0, 0x0, 0x0, 0x0,
    0x0, 0x0, 0x4, 0xff, 0x30, 0x0, 0x0, 0x0,
    0xaf, 0xf9, 0x0, 0x0, 0x0, 0xf, 0xff, 0xe0,
    0x0, 0x0, 0x5, 0xfb, 0xcf, 0x50, 0x0, 0x0,
    0xbf, 0x67, 0xfb, 0x0, 0x0, 0x1f, 0xf1, 0x2f,
    0xf1, 0x0, 0x6, 0xfc, 0x0, 0xdf, 0x60, 0x0,
    0xcf, 0xff, 0xff, 0xfc, 0x0, 0x1f, 0xfd, 0xdd,
    0xdf, 0xf2, 0x7, 0xfb, 0x0, 0x0, 0xbf, 0x80,
    0xdf, 0x50, 0x0, 0x5, 0xfd, 0x0,

    /* U+1EB5 "ẵ" */
    0x0, 0x0, 0x0, 0x0, 0x5, 0xff, 0xff, 0x10,
    0x1, 0x33, 0x31, 0x0, 0x2, 0xe0, 0x2e, 0x0,
    0x0, 0x9f, 0xf5, 0x0, 0x0, 0x0, 0x0, 0x0,
    0x3, 0xcf, 0xfb, 0x20, 0xf, 0xfa, 0xcf, 0xb0,
    0x16, 0x40, 0xf, 0xd0, 0x1, 0x7b, 0xef, 0xe0,
    0x2e, 0xfa, 0x6f, 0xe0, 0x7f, 0x80, 0x1f, 0xe0,
    0x5f, 0xc5, 0xbf, 0xe0, 0x9, 0xee, 0x9c, 0xf2,

    /* U+1EB6 "Ặ" */
    0x0, 0x6, 0x0, 0x60, 0x0, 0x0, 0x0, 0xd2,
    0x1d, 0x0, 0x0, 0x0, 0x4, 0xee, 0x40, 0x0,
    0x0, 0x0, 0x4f, 0xf3, 0x0, 0x0, 0x0, 0xa,
    0xff, 0x90, 0x0, 0x0, 0x0, 0xff, 0xfe, 0x0,
    0x0, 0x0, 0x5f, 0xbc, 0xf5, 0x0, 0x0, 0xb,
    0xf6, 0x7f, 0xb0, 0x0, 0x1, 0xff, 0x12, 0xff,
    0x10, 0x0, 0x6f, 0xc0, 0xd, 0xf6, 0x0, 0xc,
    0xff, 0xff, 0xff, 0xc0, 0x1, 0xff, 0xdd, 0xdd,
    0xff, 0x20, 0x7f, 0xb0, 0x0, 0xb, 0xf8, 0xd,
    0xf5, 0x0, 0x0, 0x5f, 0xd0, 0x0, 0x0, 0x0,
    0x0, 0x0, 0x0, 0x0, 0xf, 0xf0, 0x0, 0x0,
    0x0, 0x0, 0xff, 0x0, 0x0, 0x0,

    /* U+1EB7 "ặ" */
    0x2, 0xe0, 0x2e, 0x0, 0x0, 0x9f, 0xf5, 0x0,
    0x0, 0x0, 0x0, 0x0, 0x3, 0xcf, 0xfb, 0x20,
    0xf, 0xfa, 0xcf, 0xb0, 0x16, 0x40, 0xf, 0xd0,
    0x1, 0x7b, 0xef, 0xe0, 0x2e, 0xfa, 0x6f, 0xe0,
    0x7f, 0x80, 0x1f, 0xe0, 0x5f, 0xc5, 0xbf, 0xe0,
    0x9, 0xee, 0x9c, 0xf2, 0x0, 0x1, 0x0, 0x0,
    0x0, 0x5f, 0x90, 0x0, 0x0, 0x5f, 0x90, 0x0,

    /* U+1EB8 "Ẹ" */
    0xff, 0xff, 0xff, 0xf7, 0xff, 0xdd, 0xdd, 0xd6,
    0xff, 0x0, 0x0, 0x0, 0xff, 0x0, 0x0, 0x0,
    0xff, 0xdd, 0xdd, 0xd1, 0xff, 0xff, 0xff, 0xf1,
    0xff, 0x0, 0x0, 0x0, 0xff, 0x0, 0x0, 0x0,
    0xff, 0x0, 0x0, 0x0, 0xff, 0xdd, 0xdd, 0xd8,
    0xff, 0xff, 0xff, 0xfa, 0x0, 0x0, 0x0, 0x0,
    0x0, 0xf, 0xf0, 0x0, 0x0, 0xf, 0xf0, 0x0,

    /* U+1EB9 "ẹ" */
    0x2, 0xbf, 0xe7, 0x0, 0xd, 0xfb, 0xdf, 0x60,
    0x5f, 0xb0, 0xf, 0xe0, 0x7f, 0x80, 0xc, 0xf1,
    0x8f, 0xff, 0xff, 0xf3, 0x5f, 0xa3, 0x37, 0x50,
    0xe, 0xfa, 0xbf, 0xd0, 0x2, 0xbf, 0xfa, 0x10,
    0x0, 0x1, 0x0, 0x0, 0x0, 0x1f, 0xd0, 0x0,
    0x0, 0x1f, 0xd0, 0x0,

    /* U+1EBA "Ẻ" */
    0x0, 0x6c, 0xa1, 0x0, 0x0, 0x2, 0xe4, 0x0,
    0x0, 0x6, 0x20, 0x0, 0xff, 0xff, 0xff, 0xf7,
    0xff, 0xdd, 0xdd, 0xd6, 0xff, 0x0, 0x0, 0x0,
    0xff, 0x0, 0x0, 0x0, 0xff, 0xdd, 0xdd, 0xd1,
    0xff, 0xff, 0xff, 0xf1, 0xff, 0x0, 0x0, 0x0,
    0xff, 0x0, 0x0, 0x0, 0xff, 0x0, 0x0, 0x0,
    0xff, 0xdd, 0xdd, 0xd8, 0xff, 0xff, 0xff, 0xfa,

    /* U+1EBB "ẻ" */
    0x0, 0x6d, 0xd2, 0x0, 0x0, 0x4, 0xc3, 0x0,
    0x0, 0x2, 0x0, 0x0, 0x2, 0xbf, 0xe9, 0x0,
    0xd, 0xfa, 0xbf, 0xa0, 0x5f, 0x90, 0xd, 0xf0,
    0x7f, 0xff, 0xff, 0xf2, 0x8f, 0x93, 0x33, 0x30,
    0x5f, 0xb0, 0xa, 0x80, 0xe, 0xfb, 0xbf, 0xa0,
    0x2, 0xbf, 0xe9, 0x0,

    /* U+1EBC "Ẽ" */
    0x0, 0x0, 0x0, 0x0, 0x6, 0xff, 0xfe, 0x0,
    0x2, 0x33, 0x31, 0x0, 0xff, 0xff, 0xff, 0xf7,
    0xff, 0xdd, 0xdd, 0xd6, 0xff, 0x0, 0x0, 0x0,
    0xff, 0x0, 0x0, 0x0, 0xff, 0xdd, 0xdd, 0xd1,
    0xff, 0xff, 0xff, 0xf1, 0xff, 0x0, 0x0, 0x0,
    0xff, 0x0, 0x0, 0x0, 0xff, 0x0, 0x0, 0x0,
    0xff, 0xdd, 0xdd, 0xd8, 0xff, 0xff, 0xff, 0xfa,

    /* U+1EBD "ẽ" */
    0x1, 0xdc, 0x2b, 0x40, 0x5, 0xb7, 0xff, 0x10,
    0x1, 0x10, 0x11, 0x0, 0x2, 0xbf, 0xe9, 0x0,
    0xd, 0xfa, 0xbf, 0xa0, 0x5f, 0x90, 0xd, 0xf0,
    0x7f, 0xff, 0xff, 0xf2, 0x8f, 0x93, 0x33, 0x30,
    0x5f, 0xb0, 0xa, 0x80, 0xe, 0xfb, 0xbf, 0xa0,
    0x2, 0xbf, 0xe9, 0x0,

    /* U+1EBE "Ế" */
    0x0, 0x0, 0x0, 0x23, 0x10, 0x0, 0x0, 0xe,
    0xd1, 0x0, 0x9f, 0xd5, 0xf2, 0x0, 0x4f, 0xaf,
    0x70, 0x0, 0x1, 0x20, 0x12, 0x0, 0xf, 0xff,
    0xff, 0xff, 0x70, 0xff, 0xdd, 0xdd, 0xd6, 0xf,
    0xf0, 0x0, 0x0, 0x0, 0xff, 0x0, 0x0, 0x0,
    0xf, 0xfd, 0xdd, 0xdd, 0x10, 0xff, 0xff, 0xff,
    0xf1, 0xf, 0xf0, 0x0, 0x0, 0x0, 0xff, 0x0,
    0x0, 0x0, 0xf, 0xf0, 0x0, 0x0, 0x0, 0xff,
    0xdd, 0xdd, 0xd8, 0xf, 0xff, 0xff, 0xff, 0xa0,

    /* U+1EBF "ế" */
    0x0, 0x0, 0x0, 0x9f, 0x50, 0x0, 0x0, 0xf,
    0x80, 0x0, 0x6f, 0xf2, 0x30, 0x0, 0x1e, 0x7c,
    0xb0, 0x0, 0x1, 0x20, 0x12, 0x0, 0x0, 0x2b,
    0xfe, 0x90, 0x0, 0xd, 0xfa, 0xbf, 0xa0, 0x5,
    0xf9, 0x0, 0xdf, 0x0, 0x7f, 0xff, 0xff, 0xf2,
    0x8, 0xf9, 0x33, 0x33, 0x0, 0x5f, 0xb0, 0xa,
    0x80, 0x0, 0xef, 0xbb, 0xfa, 0x0, 0x2, 0xbf,
    0xe9, 0x0, 0x0,

    /* U+1EC0 "Ề" */
    0x0, 0x0, 0x23, 0x10, 0x0, 0x0, 0x4f, 0x90,
    0x0, 0x9f, 0xd6, 0xf1, 0x4, 0xfa, 0xf7, 0x0,
    0x1, 0x20, 0x12, 0x0, 0xff, 0xff, 0xff, 0xf7,
    0xff, 0xdd, 0xdd, 0xd6, 0xff, 0x0, 0x0, 0x0,
    0xff, 0x0, 0x0, 0x0, 0xff, 0xdd, 0xdd, 0xd1,
    0xff, 0xff, 0xff, 0xf1, 0xff, 0x0, 0x0, 0x0,
    0xff, 0x0, 0x0, 0x0, 0xff, 0x0, 0x0, 0x0,
    0xff, 0xdd, 0xdd, 0xd8, 0xff, 0xff, 0xff, 0xfa,

    /* U+1EC1 "ề" */
    0x0, 0x0, 0x3f, 0xc0, 0x0, 0x0, 0x5, 0xf3,
    0x0, 0x6f, 0xf1, 0x21, 0x1, 0xe7, 0xcb, 0x0,
    0x1, 0x20, 0x12, 0x0, 0x2, 0xbf, 0xe9, 0x0,
    0xd, 0xfa, 0xbf, 0xa0, 0x5f, 0x90, 0xd, 0xf0,
    0x7f, 0xff, 0xff, 0xf2, 0x8f, 0x93, 0x33, 0x30,
    0x5f, 0xb0, 0xa, 0x80, 0xe, 0xfb, 0xbf, 0xa0,
    0x2, 0xbf, 0xe9, 0x0,

    /* U+1EC2 "Ể" */
    0x0, 0x0, 0x2c, 0xc6, 0x0, 0x9f, 0xd4, 0x92,
    0x4, 0xf7, 0xf7, 0x0, 0x1, 0x20, 0x12, 0x0,
    0xff, 0xff, 0xff, 0xf7, 0xff, 0xdd, 0xdd, 0xd6,
    0xff, 0x0, 0x0, 0x0, 0xff, 0x0, 0x0, 0x0,
    0xff, 0xdd, 0xdd, 0xd1, 0xff, 0xff, 0xff, 0xf1,
    0xff, 0x0, 0x0, 0x0, 0xff, 0x0, 0x0, 0x0,
    0xff, 0x0, 0x0, 0x0, 0xff, 0xdd, 0xdd, 0xd8,
    0xff, 0xff, 0xff, 0xfa,

    /* U+1EC3 "ể" */
    0x0, 0x0, 0xc, 0xc5, 0x0, 0x0, 0x0, 0x6d,
    0x0, 0x6f, 0xf3, 0xa2, 0x1, 0xe8, 0xdb, 0x0,
    0x1, 0x20, 0x12, 0x0, 0x2, 0xbf, 0xe9, 0x0,
    0xd, 0xfa, 0xbf, 0xa0, 0x5f, 0x90, 0xd, 0xf0,
    0x7f, 0xff, 0xff, 0xf2, 0x8f, 0x93, 0x33, 0x30,
    0x5f, 0xb0, 0xa, 0x80, 0xe, 0xfb, 0xbf, 0xa0,
    0x2, 0xbf, 0xe9, 0x0,

    /* U+1EC4 "Ễ" */
    0x0, 0x0, 0x0, 0x0, 0x7, 0xf8, 0x2d, 0x0,
    0xc, 0x59, 0xf7, 0x0, 0x0, 0x9f, 0xd0, 0x0,
    0x4, 0xf7, 0xf7, 0x0, 0x1, 0x20, 0x12, 0x0,
    0xff, 0xff, 0xff, 0xf7, 0xff, 0xdd, 0xdd, 0xd6,
    0xff, 0x0, 0x0, 0x0, 0xff, 0x0, 0x0, 0x0,
    0xff, 0xdd, 0xdd, 0xd1, 0xff, 0xff, 0xff, 0xf1,
    0xff, 0x0, 0x0, 0x0, 0xff, 0x0, 0x0, 0x0,
    0xff, 0x0, 0x0, 0x0, 0xff, 0xdd, 0xdd, 0xd8,
    0xff, 0xff, 0xff, 0xfa,

    /* U+1EC5 "ễ" */
    0x0, 0x0, 0x0, 0x0, 0x6, 0xff, 0xfe, 0x0,
    0x2, 0x33, 0x31, 0x0, 0x0, 0x6f, 0xf1, 0x0,
    0x1, 0xe9, 0xdb, 0x0, 0x1, 0x20, 0x12, 0x0,
    0x2, 0xbf, 0xe9, 0x0, 0xd, 0xfa, 0xbf, 0xa0,
    0x5f, 0x90, 0xd, 0xf0, 0x7f, 0xff, 0xff, 0xf2,
    0x8f, 0x93, 0x33, 0x30, 0x5f, 0xb0, 0xa, 0x80,
    0xe, 0xfb, 0xbf, 0xa0, 0x2, 0xbf, 0xe9, 0x0,

    /* U+1EC6 "Ệ" */
    0x0, 0x2, 0x10, 0x0, 0x0, 0xbf, 0xe0, 0x0,
    0x5, 0xf4, 0xe9, 0x0, 0xff, 0xff, 0xff, 0xf7,
    0xff, 0xdd, 0xdd, 0xd6, 0xff, 0x0, 0x0, 0x0,
    0xff, 0x0, 0x0, 0x0, 0xff, 0xdd, 0xdd, 0xd1,
    0xff, 0xff, 0xff, 0xf1, 0xff, 0x0, 0x0, 0x0,
    0xff, 0x0, 0x0, 0x0, 0xff, 0x0, 0x0, 0x0,
    0xff, 0xdd, 0xdd, 0xd8, 0xff, 0xff, 0xff, 0xfa,
    0x0, 0x0, 0x0, 0x0, 0x0, 0xf, 0xf0, 0x0,
    0x0, 0xf, 0xf0, 0x0,

    /* U+1EC7 "ệ" */
    0x0, 0x6f, 0xf1, 0x0, 0x1, 0xe9, 0xdb, 0x0,
    0x1, 0x20, 0x12, 0x0, 0x2, 0xbf, 0xe7, 0x0,
    0xd, 0xfb, 0xdf, 0x60, 0x5f, 0xb0, 0xf, 0xe0,
    0x7f, 0x80, 0xc, 0xf1, 0x8f, 0xff, 0xff, 0xf3,
    0x5f, 0xa3, 0x37, 0x50, 0xe, 0xfa, 0xbf, 0xd0,
    0x2, 0xbf, 0xfa, 0x10, 0x0, 0x1, 0x0, 0x0,
    0x0, 0x1f, 0xd0, 0x0, 0x0, 0x1f, 0xd0, 0x0,

    /* U+1EC8 "Ỉ" */
    0x2c, 0xc4, 0x2, 0xb7, 0x1, 0x20, 0xf, 0xf0,
    0xf, 0xf0, 0xf, 0xf0, 0xf, 0xf0, 0xf, 0xf0,
    0xf, 0xf0, 0xf, 0xf0, 0xf, 0xf0, 0xf, 0xf0,
    0xf, 0xf0, 0xf, 0xf0,

    /* U+1EC9 "ỉ" */
    0x3c, 0xd4, 0x3, 0xb5, 0x1, 0x10, 0xf, 0xe0,
    0xf, 0xe0, 0xf, 0xe0, 0xf, 0xe0, 0xf, 0xe0,
    0xf, 0xe0, 0xf, 0xe0, 0xf, 0xe0,

    /* U+1ECA "Ị" */
    0xf, 0xf0, 0xff, 0xf, 0xf0, 0xff, 0xf, 0xf0,
    0xff, 0xf, 0xf0, 0xff, 0xf, 0xf0, 0xff, 0xf,
    0xf0, 0x0, 0xf, 0xf0, 0xff,

    /* U+1ECB "ị" */
    0xfe, 0xed, 0x0, 0xfe, 0xfe, 0xfe, 0xfe, 0xfe,
    0xfe, 0xfe, 0xfe, 0x0, 0xff, 0xff,

    /* U+1ECC "Ọ" */
    0x0, 0x2a, 0xef, 0xe9, 0x10, 0x0, 0x2e, 0xff,
    0xef, 0xfe, 0x10, 0xb, 0xfb, 0x10, 0x1c, 0xfa,
    0x1, 0xff, 0x10, 0x0, 0x2f, 0xf1, 0x4f, 0xc0,
    0x0, 0x0, 0xef, 0x45, 0xfb, 0x0, 0x0, 0xc,
    0xf4, 0x5f, 0xd0, 0x0, 0x0, 0xef, 0x42, 0xff,
    0x20, 0x0, 0x2f, 0xf1, 0xc, 0xfc, 0x10, 0x2c,
    0xfa, 0x0, 0x2e, 0xff, 0xef, 0xfe, 0x10, 0x0,
    0x29, 0xef, 0xe9, 0x10, 0x0, 0x0, 0x0, 0x10,
    0x0, 0x0, 0x0, 0x0, 0x9f, 0x50, 0x0, 0x0,
    0x0, 0x9, 0xf5, 0x0, 0x0,

    /* U+1ECD "ọ" */
    0x0, 0x8e, 0xfc, 0x40, 0x0, 0xaf, 0xec, 0xff,
    0x40, 0x2f, 0xe1, 0x5, 0xfc, 0x6, 0xf9, 0x0,
    0xf, 0xf0, 0x6f, 0x90, 0x0, 0xff, 0x3, 0xfe,
    0x10, 0x5f, 0xc0, 0xb, 0xfe, 0xbf, 0xf4, 0x0,
    0x8, 0xef, 0xc4, 0x0, 0x0, 0x0, 0x10, 0x0,
    0x0, 0x0, 0xbf, 0x30, 0x0, 0x0, 0xb, 0xf3,
    0x0, 0x0,

    /* U+1ECE "Ỏ" */
    0x0, 0x0, 0xad, 0x80, 0x0, 0x0, 0x0, 0x0,
    0x7d, 0x0, 0x0, 0x0, 0x0, 0x5, 0x0, 0x0,
    0x0, 0x2, 0xae, 0xfe, 0x91, 0x0, 0x2, 0xef,
    0xfe, 0xff, 0xe1, 0x0, 0xbf, 0xb1, 0x1, 0xcf,
    0xa0, 0x1f, 0xf1, 0x0, 0x2, 0xff, 0x14, 0xfc,
    0x0, 0x0, 0xe, 0xf4, 0x5f, 0xb0, 0x0, 0x0,
    0xcf, 0x45, 0xfd, 0x0, 0x0, 0xe, 0xf4, 0x2f,
    0xf2, 0x0, 0x2, 0xff, 0x10, 0xcf, 0xc1, 0x2,
    0xcf, 0xa0, 0x2, 0xef, 0xfe, 0xff, 0xe1, 0x0,
    0x2, 0x9e, 0xfe, 0x91, 0x0,

    /* U+1ECF "ỏ" */
    0x0, 0xc, 0xd8, 0x0, 0x0, 0x0, 0xa, 0xa0,
    0x0, 0x0, 0x0, 0x30, 0x0, 0x0, 0x8, 0xef,
    0xc4, 0x0, 0xa, 0xfe, 0xcf, 0xf4, 0x2, 0xfe,
    0x10, 0x5f, 0xc0, 0x6f, 0x90, 0x0, 0xff, 0x6,
    0xf9, 0x0, 0xf, 0xf0, 0x3f, 0xe1, 0x5, 0xfc,
    0x0, 0xbf, 0xeb, 0xff, 0x40, 0x0, 0x8e, 0xfc,
    0x40, 0x0,

    /* U+1ED0 "Ố" */
    0x0, 0x0, 0x0, 0x0, 0x23, 0x0, 0x0, 0x0,
    0x0, 0x2f, 0xb0, 0x0, 0x0, 0xcf, 0x98, 0xd0,
    0x0, 0x0, 0x7f, 0xaf, 0x40, 0x0, 0x0, 0x2,
    0x10, 0x21, 0x0, 0x0, 0x2, 0xae, 0xfe, 0x91,
    0x0, 0x2, 0xef, 0xfe, 0xff, 0xe1, 0x0, 0xbf,
    0xb1, 0x1, 0xcf, 0xa0, 0x1f, 0xf1, 0x0, 0x2,
    0xff, 0x14, 0xfc, 0x0, 0x0, 0xe, 0xf4, 0x5f,
    0xb0, 0x0, 0x0, 0xcf, 0x45, 0xfd, 0x0, 0x0,
    0xe, 0xf4, 0x2f, 0xf2, 0x0, 0x2, 0xff, 0x10,
    0xcf, 0xc1, 0x2, 0xcf, 0xa0, 0x2, 0xef, 0xfe,
    0xff, 0xe1, 0x0, 0x2, 0x9e, 0xfe, 0x91, 0x0,

    /* U+1ED1 "ố" */
    0x0, 0x0, 0x0, 0x2f, 0xc0, 0x0, 0x0, 0x0,
    0x8e, 0x10, 0x0, 0xd, 0xf8, 0x21, 0x0, 0x0,
    0x9e, 0x5f, 0x30, 0x0, 0x0, 0x21, 0x2, 0x10,
    0x0, 0x0, 0x8e, 0xfc, 0x40, 0x0, 0xa, 0xfe,
    0xcf, 0xf4, 0x0, 0x2f, 0xe1, 0x5, 0xfc, 0x0,
    0x6f, 0x90, 0x0, 0xff, 0x0, 0x6f, 0x90, 0x0,
    0xff, 0x0, 0x3f, 0xe1, 0x5, 0xfc, 0x0, 0xb,
    0xfe, 0xbf, 0xf4, 0x0, 0x0, 0x8e, 0xfc, 0x40,
    0x0,

    /* U+1ED2 "Ồ" */
    0x0, 0x0, 0x0, 0x33, 0x0, 0x0, 0x0, 0x0,
    0x7, 0xf6, 0x0, 0x0, 0x0, 0xcf, 0x99, 0xd0,
    0x0, 0x0, 0x7f, 0xaf, 0x40, 0x0, 0x0, 0x2,
    0x10, 0x21, 0x0, 0x0, 0x2, 0xae, 0xfe, 0x91,
    0x0, 0x2, 0xef, 0xfe, 0xff, 0xe1, 0x0, 0xbf,
    0xb1, 0x1, 0xcf, 0xa0, 0x1f, 0xf1, 0x0, 0x2,
    0xff, 0x14, 0xfc, 0x0, 0x0, 0xe, 0xf4, 0x5f,
    0xb0, 0x0, 0x0, 0xcf, 0x45, 0xfd, 0x0, 0x0,
    0xe, 0xf4, 0x2f, 0xf2, 0x0, 0x2, 0xff, 0x10,
    0xcf, 0xc1, 0x2, 0xcf, 0xa0, 0x2, 0xef, 0xfe,
    0xff, 0xe1, 0x0, 0x2, 0x9e, 0xfe, 0x91, 0x0,

    /* U+1ED3 "ồ" */
    0x0, 0x0, 0xb, 0xf3, 0x0, 0x0, 0x0, 0xd,
    0xa0, 0x0, 0xd, 0xf8, 0x12, 0x0, 0x9, 0xe5,
    0xf3, 0x0, 0x0, 0x21, 0x2, 0x10, 0x0, 0x8,
    0xef, 0xc4, 0x0, 0xa, 0xfe, 0xcf, 0xf4, 0x2,
    0xfe, 0x10, 0x5f, 0xc0, 0x6f, 0x90, 0x0, 0xff,
    0x6, 0xf9, 0x0, 0xf, 0xf0, 0x3f, 0xe1, 0x5,
    0xfc, 0x0, 0xbf, 0xeb, 0xff, 0x40, 0x0, 0x8e,
    0xfc, 0x40, 0x0,

    /* U+1ED4 "Ổ" */
    0x0, 0x0, 0x0, 0x5c, 0xb1, 0x0, 0x0, 0x0,
    0x0, 0xd, 0x60, 0x0, 0x0, 0xcf, 0x96, 0x60,
    0x0, 0x0, 0x7f, 0x7f, 0x40, 0x0, 0x0, 0x2,
    0x10, 0x21, 0x0, 0x0, 0x2, 0xae, 0xfe, 0x91,
    0x0, 0x2, 0xef, 0xfe, 0xff, 0xe1, 0x0, 0xbf,
    0xb1, 0x1, 0xcf, 0xa0, 0x1f, 0xf1, 0x0, 0x2,
    0xff, 0x14, 0xfc, 0x0, 0x0, 0xe, 0xf4, 0x5f,
    0xb0, 0x0, 0x0, 0xcf, 0x45, 0xfd, 0x0, 0x0,
    0xe, 0xf4, 0x2f, 0xf2, 0x0, 0x2, 0xff, 0x10,
    0xcf, 0xc1, 0x2, 0xcf, 0xa0, 0x2, 0xef, 0xfe,
    0xff, 0xe1, 0x0, 0x2, 0x9e, 0xfe, 0x91, 0x0,

    /* U+1ED5 "ổ" */
    0x0, 0x0, 0x6, 0xca, 0x0, 0x0, 0x0, 0x0,
    0xe5, 0x0, 0xd, 0xf8, 0x75, 0x0, 0x9, 0xe7,
    0xf3, 0x0, 0x0, 0x21, 0x2, 0x10, 0x0, 0x8,
    0xef, 0xc4, 0x0, 0xa, 0xfe, 0xcf, 0xf4, 0x2,
    0xfe, 0x10, 0x5f, 0xc0, 0x6f, 0x90, 0x0, 0xff,
    0x6, 0xf9, 0x0, 0xf, 0xf0, 0x3f, 0xe1, 0x5,
    0xfc, 0x0, 0xbf, 0xeb, 0xff, 0x40, 0x0, 0x8e,
    0xfc, 0x40, 0x0,

    /* U+1ED6 "Ỗ" */
    0x0, 0x0, 0x0, 0x0, 0x0, 0x0, 0x0, 0xae,
    0x56, 0x90, 0x0, 0x0, 0xe, 0x4b, 0xf4, 0x0,
    0x0, 0x0, 0xc, 0xf9, 0x0, 0x0, 0x0, 0x7,
    0xf7, 0xf4, 0x0, 0x0, 0x0, 0x21, 0x2, 0x10,
    0x0, 0x0, 0x2a, 0xef, 0xe9, 0x10, 0x0, 0x2e,
    0xff, 0xef, 0xfe, 0x10, 0xb, 0xfb, 0x10, 0x1c,
    0xfa, 0x1, 0xff, 0x10, 0x0, 0x2f, 0xf1, 0x4f,
    0xc0, 0x0, 0x0, 0xef, 0x45, 0xfb, 0x0, 0x0,
    0xc, 0xf4, 0x5f, 0xd0, 0x0, 0x0, 0xef, 0x42,
    0xff, 0x20, 0x0, 0x2f, 0xf1, 0xc, 0xfc, 0x10,
    0x2c, 0xfa, 0x0, 0x2e, 0xff, 0xef, 0xfe, 0x10,
    0x0, 0x29, 0xef, 0xe9, 0x10, 0x0,

    /* U+1ED7 "ỗ" */
    0x0, 0x0, 0x0, 0x0, 0x0, 0xd, 0xff, 0xf7,
    0x0, 0x0, 0x33, 0x32, 0x0, 0x0, 0x0, 0xdf,
    0x80, 0x0, 0x0, 0x9e, 0x7f, 0x30, 0x0, 0x2,
    0x10, 0x21, 0x0, 0x0, 0x8e, 0xfc, 0x40, 0x0,
    0xaf, 0xec, 0xff, 0x40, 0x2f, 0xe1, 0x5, 0xfc,
    0x6, 0xf9, 0x0, 0xf, 0xf0, 0x6f, 0x90, 0x0,
    0xff, 0x3, 0xfe, 0x10, 0x5f, 0xc0, 0xb, 0xfe,
    0xbf, 0xf4, 0x0, 0x8, 0xef, 0xc4, 0x0,

    /* U+1ED8 "Ộ" */
    0x0, 0x0, 0x12, 0x0, 0x0, 0x0, 0x0, 0xe,
    0xfb, 0x0, 0x0, 0x0, 0x9, 0xe4, 0xf6, 0x0,
    0x0, 0x2, 0xae, 0xfe, 0x91, 0x0, 0x2, 0xef,
    0xfe, 0xff, 0xe1, 0x0, 0xbf, 0xb1, 0x1, 0xcf,
    0xa0, 0x1f, 0xf1, 0x0, 0x2, 0xff, 0x14, 0xfc,
    0x0, 0x0, 0xe, 0xf4, 0x5f, 0xb0, 0x0, 0x0,
    0xcf, 0x45, 0xfd, 0x0, 0x0, 0xe, 0xf4, 0x2f,
    0xf2, 0x0, 0x2, 0xff, 0x10, 0xcf, 0xc1, 0x2,
    0xcf, 0xa0, 0x2, 0xef, 0xfe, 0xff, 0xe1, 0x0,
    0x2, 0x9e, 0xfe, 0x91, 0x0, 0x0, 0x0, 0x1,
    0x0, 0x0, 0x0, 0x0, 0x9, 0xf5, 0x0, 0x0,
    0x0, 0x0, 0x9f, 0x50, 0x0, 0x0,

    /* U+1ED9 "ộ" */
    0x0, 0xd, 0xf8, 0x0, 0x0, 0x9, 0xe7, 0xf3,
    0x0, 0x0, 0x21, 0x2, 0x10, 0x0, 0x8, 0xef,
    0xc4, 0x0, 0xa, 0xfe, 0xcf, 0xf4, 0x2, 0xfe,
    0x10, 0x5f, 0xc0, 0x6f, 0x90, 0x0, 0xff, 0x6,
    0xf9, 0x0, 0xf, 0xf0, 0x3f, 0xe1, 0x5, 0xfc,
    0x0, 0xbf, 0xeb, 0xff, 0x40, 0x0, 0x8e, 0xfc,
    0x40, 0x0, 0x0, 0x1, 0x0, 0x0, 0x0, 0xb,
    0xf3, 0x0, 0x0, 0x0, 0xbf, 0x30, 0x0,

    /* U+1EDA "Ớ" */
    0x0, 0x0, 0x1f, 0xd0, 0x0, 0x0, 0x0, 0x0,
    0x7e, 0x20, 0x0, 0x0, 0x0, 0x0, 0x21, 0x0,
    0x0, 0x0, 0x0, 0x2a, 0xef, 0xe9, 0x10, 0xff,
    0x2, 0xef, 0xeb, 0xef, 0xe2, 0xfe, 0xb, 0xfa,
    0x0, 0xa, 0xfb, 0x3d, 0x1f, 0xf1, 0x0, 0x1,
    0xff, 0xc7, 0x4f, 0xc0, 0x0, 0x0, 0xdf, 0x70,
    0x5f, 0xb0, 0x0, 0x0, 0xcf, 0x40, 0x5f, 0xd0,
    0x0, 0x0, 0xef, 0x30, 0x2f, 0xf2, 0x0, 0x3,
    0xff, 0x0, 0xc, 0xfc, 0x10, 0x2d, 0xfa, 0x0,
    0x2, 0xef, 0xfe, 0xff, 0xe1, 0x0, 0x0, 0x19,
    0xef, 0xe9, 0x10, 0x0,

    /* U+1EDB "ớ" */
    0x0, 0x0, 0xee, 0x10, 0x0, 0x0, 0x5, 0xf3,
    0x0, 0x0, 0x0, 0x1, 0x20, 0x0, 0x0, 0x0,
    0x8e, 0xfc, 0x40, 0xff, 0xa, 0xfc, 0x9e, 0xf4,
    0xff, 0x2f, 0xd0, 0x4, 0xfc, 0x3d, 0x6f, 0x90,
    0x0, 0xff, 0xc7, 0x6f, 0x90, 0x0, 0xff, 0x50,
    0x3f, 0xe1, 0x5, 0xfc, 0x0, 0xb, 0xfe, 0xbf,
    0xf3, 0x0, 0x0, 0x8e, 0xfc, 0x40, 0x0,

    /* U+1EDC "Ờ" */
    0x0, 0x3, 0xfc, 0x0, 0x0, 0x0, 0x0, 0x0,
    0x4f, 0x30, 0x0, 0x0, 0x0, 0x0, 0x2, 0x10,
    0x0, 0x0, 0x0, 0x2a, 0xef, 0xe9, 0x10, 0xff,
    0x2, 0xef, 0xeb, 0xef, 0xe2, 0xfe, 0xb, 0xfa,
    0x0, 0xa, 0xfb, 0x3d, 0x1f, 0xf1, 0x0, 0x1,
    0xff, 0xc7, 0x4f, 0xc0, 0x0, 0x0, 0xdf, 0x70,
    0x5f, 0xb0, 0x0, 0x0, 0xcf, 0x40, 0x5f, 0xd0,
    0x0, 0x0, 0xef, 0x30, 0x2f, 0xf2, 0x0, 0x3,
    0xff, 0x0, 0xc, 0xfc, 0x10, 0x2d, 0xfa, 0x0,
    0x2, 0xef, 0xfe, 0xff, 0xe1, 0x0, 0x0, 0x19,
    0xef, 0xe9, 0x10, 0x0,

    /* U+1EDD "ờ" */
    0x0, 0x6f, 0x80, 0x0, 0x0, 0x0, 0x8, 0xe0,
    0x0, 0x0, 0x0, 0x0, 0x30, 0x0, 0x0, 0x0,
    0x8e, 0xfc, 0x40, 0xff, 0xa, 0xfc, 0x9e, 0xf4,
    0xff, 0x2f, 0xd0, 0x4, 0xfc, 0x3d, 0x6f, 0x90,
    0x0, 0xff, 0xc7, 0x6f, 0x90, 0x0, 0xff, 0x50,
    0x3f, 0xe1, 0x5, 0xfc, 0x0, 0xb, 0xfe, 0xbf,
    0xf3, 0x0, 0x0, 0x8e, 0xfc, 0x40, 0x0,

    /* U+1EDE "Ở" */
    0x0, 0x0, 0xac, 0x80, 0x0, 0x0, 0x0, 0x0,
    0x7, 0xc0, 0x0, 0x0, 0x0, 0x0, 0x3, 0x0,
    0x0, 0x0, 0x0, 0x2a, 0xef, 0xe9, 0x10, 0xff,
    0x2, 0xef, 0xeb, 0xef, 0xe2, 0xfe, 0xb, 0xfa,
    0x0, 0xa, 0xfb, 0x3d, 0x1f, 0xf1, 0x0, 0x1,
    0xff, 0xc7, 0x4f, 0xc0, 0x0, 0x0, 0xdf, 0x70,
    0x5f, 0xb0, 0x0, 0x0, 0xcf, 0x40, 0x5f, 0xd0,
    0x0, 0x0, 0xef, 0x30, 0x2f, 0xf2, 0x0, 0x3,
    0xff, 0x0, 0xc, 0xfc, 0x10, 0x2d, 0xfa, 0x0,
    0x2, 0xef, 0xfe, 0xff, 0xe1, 0x0, 0x0, 0x19,
    0xef, 0xe9, 0x10, 0x0,

    /* U+1EDF "ở" */
    0x0, 0xc, 0xd8, 0x0, 0x0, 0x0, 0x0, 0xa9,
    0x0, 0x0, 0x0, 0x0, 0x20, 0x0, 0x0, 0x0,
    0x8e, 0xfc, 0x40, 0xff, 0xa, 0xfc, 0x9e, 0xf4,
    0xff, 0x2f, 0xd0, 0x4, 0xfc, 0x3d, 0x6f, 0x90,
    0x0, 0xff, 0xc7, 0x6f, 0x90, 0x0, 0xff, 0x50,
    0x3f, 0xe1, 0x5, 0xfc, 0x0, 0xb, 0xfe, 0xbf,
    0xf3, 0x0, 0x0, 0x8e, 0xfc, 0x40, 0x0,

    /* U+1EE0 "Ỡ" */
    0x0, 0x0, 0x0, 0x0, 0x0, 0x0, 0x0, 0xc,
    0xff, 0xf8, 0x0, 0x0, 0x0, 0x3, 0x33, 0x20,
    0x0, 0x0, 0x0, 0x2a, 0xef, 0xe9, 0x10, 0xff,
    0x2, 0xef, 0xeb, 0xef, 0xe2, 0xfe, 0xb, 0xfa,
    0x0, 0xa, 0xfb, 0x3d, 0x1f, 0xf1, 0x0, 0x1,
    0xff, 0xc7, 0x4f, 0xc0, 0x0, 0x0, 0xdf, 0x70,
    0x5f, 0xb0, 0x0, 0x0, 0xcf, 0x40, 0x5f, 0xd0,
    0x0, 0x0, 0xef, 0x30, 0x2f, 0xf2, 0x0, 0x3,
    0xff, 0x0, 0xc, 0xfc, 0x10, 0x2d, 0xfa, 0x0,
    0x2, 0xef, 0xfe, 0xff, 0xe1, 0x0, 0x0, 0x19,
    0xef, 0xe9, 0x10, 0x0,

    /* U+1EE1 "ỡ" */
    0x0, 0xae, 0x55, 0xa0, 0x0, 0x0, 0xe5, 0xcf,
    0x50, 0x0, 0x0, 0x20, 0x2, 0x0, 0x0, 0x0,
    0x8e, 0xfc, 0x40, 0xff, 0xa, 0xfc, 0x9e, 0xf4,
    0xff, 0x2f, 0xd0, 0x4, 0xfc, 0x3d, 0x6f, 0x90,
    0x0, 0xff, 0xc7, 0x6f, 0x90, 0x0, 0xff, 0x50,
    0x3f, 0xe1, 0x5, 0xfc, 0x0, 0xb, 0xfe, 0xbf,
    0xf3, 0x0, 0x0, 0x8e, 0xfc, 0x40, 0x0,

    /* U+1EE2 "Ợ" */
    0x0, 0x2a, 0xef, 0xe9, 0x10, 0xff, 0x2, 0xef,
    0xeb, 0xef, 0xe2, 0xfe, 0xb, 0xfa, 0x0, 0xa,
    0xfb, 0x3d, 0x1f, 0xf1, 0x0, 0x1, 0xff, 0xc7,
    0x4f, 0xc0, 0x0, 0x0, 0xdf, 0x70, 0x5f, 0xb0,
    0x0, 0x0, 0xcf, 0x40, 0x5f, 0xd0, 0x0, 0x0,
    0xef, 0x30, 0x2f, 0xf2, 0x0, 0x3, 0xff, 0x0,
    0xc, 0xfc, 0x10, 0x2d, 0xfa, 0x0, 0x2, 0xef,
    0xfe, 0xff, 0xe1, 0x0, 0x0, 0x19, 0xef, 0xe9,
    0x10, 0x0, 0x0, 0x0, 0x1, 0x0, 0x0, 0x0,
    0x0, 0x0, 0x9f, 0x50, 0x0, 0x0, 0x0, 0x0,
    0x9f, 0x50, 0x0, 0x0,

    /* U+1EE3 "ợ" */
    0x0, 0x8e, 0xfc, 0x40, 0xff, 0xa, 0xfc, 0x9e,
    0xf4, 0xff, 0x2f, 0xd0, 0x4, 0xfc, 0x3d, 0x6f,
    0x90, 0x0, 0xff, 0xc7, 0x6f, 0x90, 0x0, 0xff,
    0x50, 0x3f, 0xe1, 0x5, 0xfc, 0x0, 0xb, 0xfe,
    0xbf, 0xf3, 0x0, 0x0, 0x8e, 0xfc, 0x40, 0x0,
    0x0, 0x0, 0x10, 0x0, 0x0, 0x0, 0xb, 0xf3,
    0x0, 0x0, 0x0, 0xb, 0xf3, 0x0, 0x0,

    /* U+1EE4 "Ụ" */
    0xff, 0x0, 0x0, 0xff, 0xff, 0x0, 0x0, 0xff,
    0xff, 0x0, 0x0, 0xff, 0xff, 0x0, 0x0, 0xff,
    0xff, 0x0, 0x0, 0xff, 0xff, 0x0, 0x0, 0xff,
    0xff, 0x0, 0x0, 0xff, 0xef, 0x10, 0x1, 0xff,
    0xcf, 0x90, 0x7, 0xfc, 0x5f, 0xff, 0xef, 0xf6,
    0x5, 0xcf, 0xfd, 0x60, 0x0, 0x0, 0x10, 0x0,
    0x0, 0xe, 0xf0, 0x0, 0x0, 0xe, 0xf0, 0x0,

    /* U+1EE5 "ụ" */
    0xf, 0xe0, 0x5, 0xf9, 0xf, 0xe0, 0x5, 0xf9,
    0xf, 0xe0, 0x5, 0xf9, 0xf, 0xe0, 0x5, 0xf9,
    0xf, 0xe0, 0x6, 0xf9, 0xf, 0xf0, 0x9, 0xf9,
    0xc, 0xfc, 0xaf, 0xf9, 0x3, 0xdf, 0xb5, 0xf9,
    0x0, 0x0, 0x10, 0x0, 0x0, 0xe, 0xf0, 0x0,
    0x0, 0xe, 0xf0, 0x0,

    /* U+1EE6 "Ủ" */
    0x0, 0x3c, 0xc3, 0x0, 0x0, 0x2, 0xb6, 0x0,
    0x0, 0x1, 0x10, 0x0, 0xff, 0x0, 0x0, 0xff,
    0xff, 0x0, 0x0, 0xff, 0xff, 0x0, 0x0, 0xff,
    0xff, 0x0, 0x0, 0xff, 0xff, 0x0, 0x0, 0xff,
    0xff, 0x0, 0x0, 0xff, 0xff, 0x0, 0x0, 0xff,
    0xef, 0x10, 0x1, 0xff, 0xcf, 0x90, 0x7, 0xfc,
    0x5f, 0xff, 0xef, 0xf6, 0x5, 0xcf, 0xfd, 0x60,

    /* U+1EE7 "ủ" */
    0x0, 0xc, 0xd8, 0x0, 0x0, 0x0, 0xa9, 0x0,
    0x0, 0x0, 0x20, 0x0, 0xf, 0xe0, 0x5, 0xf9,
    0xf, 0xe0, 0x5, 0xf9, 0xf, 0xe0, 0x5, 0xf9,
    0xf, 0xe0, 0x5, 0xf9, 0xf, 0xe0, 0x6, 0xf9,
    0xf, 0xf0, 0x9, 0xf9, 0xc, 0xfc, 0xaf, 0xf9,
    0x3, 0xdf, 0xb5, 0xf9,

    /* U+1EE8 "Ứ" */
    0x0, 0x8, 0xf6, 0x0, 0x0, 0x0, 0x0, 0xe9,
    0x0, 0x0, 0x0, 0x0, 0x3, 0x0, 0x0, 0x0,
    0xf, 0xf0, 0x0, 0xf, 0xf5, 0xf9, 0xff, 0x0,
    0x0, 0xff, 0x5f, 0x9f, 0xf0, 0x0, 0xf, 0xf0,
    0x78, 0xff, 0x0, 0x0, 0xff, 0x5d, 0x2f, 0xf0,
    0x0, 0xf, 0xf8, 0x20, 0xff, 0x0, 0x0, 0xff,
    0x0, 0xf, 0xf0, 0x0, 0xf, 0xf0, 0x0, 0xef,
    0x10, 0x1, 0xff, 0x0, 0xc, 0xf8, 0x0, 0x7f,
    0xc0, 0x0, 0x5f, 0xff, 0xef, 0xf6, 0x0, 0x0,
    0x5c, 0xff, 0xd6, 0x0, 0x0,

    /* U+1EE9 "ứ" */
    0x0, 0x0, 0xee, 0x10, 0x0, 0x0, 0x0, 0x6f,
    0x20, 0x0, 0x0, 0x0, 0x2, 0x10, 0x0, 0x0,
    0x0, 0xfe, 0x0, 0x5f, 0x9c, 0xf2, 0xf, 0xe0,
    0x5, 0xf9, 0xcf, 0x20, 0xfe, 0x0, 0x5f, 0x91,
    0xe1, 0xf, 0xe0, 0x5, 0xfa, 0x8b, 0x0, 0xfe,
    0x0, 0x6f, 0xe7, 0x0, 0xf, 0xf0, 0x8, 0xf9,
    0x0, 0x0, 0xdf, 0xa8, 0xff, 0x90, 0x0, 0x3,
    0xdf, 0xc6, 0xf9, 0x0, 0x0,

    /* U+1EEA "Ừ" */
    0x0, 0x9f, 0x50, 0x0, 0x0, 0x0, 0x0, 0xbc,
    0x0, 0x0, 0x0, 0x0, 0x0, 0x30, 0x0, 0x0,
    0xf, 0xf0, 0x0, 0xf, 0xf5, 0xf9, 0xff, 0x0,
    0x0, 0xff, 0x5f, 0x9f, 0xf0, 0x0, 0xf, 0xf0,
    0x78, 0xff, 0x0, 0x0, 0xff, 0x5d, 0x2f, 0xf0,
    0x0, 0xf, 0xf8, 0x20, 0xff, 0x0, 0x0, 0xff,
    0x0, 0xf, 0xf0, 0x0, 0xf, 0xf0, 0x0, 0xef,
    0x10, 0x1, 0xff, 0x0, 0xc, 0xf8, 0x0, 0x7f,
    0xc0, 0x0, 0x5f, 0xff, 0xef, 0xf6, 0x0, 0x0,
    0x5c, 0xff, 0xd6, 0x0, 0x0,

    /* U+1EEB "ừ" */
    0x0, 0x6f, 0x80, 0x0, 0x0, 0x0, 0x0, 0x9e,
    0x0, 0x0, 0x0, 0x0, 0x0, 0x30, 0x0, 0x0,
    0x0, 0xfe, 0x0, 0x5f, 0x9c, 0xf2, 0xf, 0xe0,
    0x5, 0xf9, 0xcf, 0x20, 0xfe, 0x0, 0x5f, 0x91,
    0xe1, 0xf, 0xe0, 0x5, 0xfa, 0x8b, 0x0, 0xfe,
    0x0, 0x6f, 0xe7, 0x0, 0xf, 0xf0, 0x8, 0xf9,
    0x0, 0x0, 0xdf, 0xa8, 0xff, 0x90, 0x0, 0x3,
    0xdf, 0xc6, 0xf9, 0x0, 0x0,

    /* U+1EEC "Ử" */
    0x0, 0x3c, 0xc3, 0x0, 0x0, 0x0, 0x0, 0x2b,
    0x60, 0x0, 0x0, 0x0, 0x1, 0x10, 0x0, 0x0,
    0xf, 0xf0, 0x0, 0xf, 0xf5, 0xf9, 0xff, 0x0,
    0x0, 0xff, 0x5f, 0x9f, 0xf0, 0x0, 0xf, 0xf0,
    0x78, 0xff, 0x0, 0x0, 0xff, 0x5d, 0x2f, 0xf0,
    0x0, 0xf, 0xf8, 0x20, 0xff, 0x0, 0x0, 0xff,
    0x0, 0xf, 0xf0, 0x0, 0xf, 0xf0, 0x0, 0xef,
    0x10, 0x1, 0xff, 0x0, 0xc, 0xf8, 0x0, 0x7f,
    0xc0, 0x0, 0x5f, 0xff, 0xef, 0xf6, 0x0, 0x0,
    0x5c, 0xff, 0xd6, 0x0, 0x0,

    /* U+1EED "ử" */
    0x0, 0xc, 0xd8, 0x0, 0x0, 0x0, 0x0, 0xa,
    0x90, 0x0, 0x0, 0x0, 0x0, 0x20, 0x0, 0x0,
    0x0, 0xfe, 0x0, 0x5f, 0x9c, 0xf2, 0xf, 0xe0,
    0x5, 0xf9, 0xcf, 0x20, 0xfe, 0x0, 0x5f, 0x91,
    0xe1, 0xf, 0xe0, 0x5, 0xfa, 0x8b, 0x0, 0xfe,
    0x0, 0x6f, 0xe7, 0x0, 0xf, 0xf0, 0x8, 0xf9,
    0x0, 0x0, 0xdf, 0xa8, 0xff, 0x90, 0x0, 0x3,
    0xdf, 0xc6, 0xf9, 0x0, 0x0,

    /* U+1EEE "Ữ" */
    0x0, 0x0, 0x0, 0x0, 0x0, 0x0, 0x2e, 0xff,
    0xf3, 0x0, 0x0, 0x1, 0x33, 0x32, 0x0, 0x0,
    0xf, 0xf0, 0x0, 0xf, 0xf5, 0xf9, 0xff, 0x0,
    0x0, 0xff, 0x5f, 0x9f, 0xf0, 0x0, 0xf, 0xf0,
    0x78, 0xff, 0x0, 0x0, 0xff, 0x5d, 0x2f, 0xf0,
    0x0, 0xf, 0xf8, 0x20, 0xff, 0x0, 0x0, 0xff,
    0x0, 0xf, 0xf0, 0x0, 0xf, 0xf0, 0x0, 0xef,
    0x10, 0x1, 0xff, 0x0, 0xc, 0xf8, 0x0, 0x7f,
    0xc0, 0x0, 0x5f, 0xff, 0xef, 0xf6, 0x0, 0x0,
    0x5c, 0xff, 0xd6, 0x0, 0x0,

    /* U+1EEF "ữ" */
    0x0, 0xbe, 0x47, 0x80, 0x0, 0x0, 0x1e, 0x5d,
    0xf4, 0x0, 0x0, 0x0, 0x20, 0x2, 0x0, 0x0,
    0x0, 0xfe, 0x0, 0x5f, 0x9c, 0xf2, 0xf, 0xe0,
    0x5, 0xf9, 0xcf, 0x20, 0xfe, 0x0, 0x5f, 0x91,
    0xe1, 0xf, 0xe0, 0x5, 0xfa, 0x8b, 0x0, 0xfe,
    0x0, 0x6f, 0xe7, 0x0, 0xf, 0xf0, 0x8, 0xf9,
    0x0, 0x0, 0xdf, 0xa8, 0xff, 0x90, 0x0, 0x3,
    0xdf, 0xc6, 0xf9, 0x0, 0x0,

    /* U+1EF0 "Ự" */
    0xff, 0x0, 0x0, 0xff, 0x5f, 0x9f, 0xf0, 0x0,
    0xf, 0xf5, 0xf9, 0xff, 0x0, 0x0, 0xff, 0x7,
    0x8f, 0xf0, 0x0, 0xf, 0xf5, 0xd2, 0xff, 0x0,
    0x0, 0xff, 0x82, 0xf, 0xf0, 0x0, 0xf, 0xf0,
    0x0, 0xff, 0x0, 0x0, 0xff, 0x0, 0xe, 0xf1,
    0x0, 0x1f, 0xf0, 0x0, 0xcf, 0x80, 0x7, 0xfc,
    0x0, 0x5, 0xff, 0xfe, 0xff, 0x60, 0x0, 0x5,
    0xcf, 0xfd, 0x60, 0x0, 0x0, 0x0, 0x1, 0x0,
    0x0, 0x0, 0x0, 0xe, 0xf0, 0x0, 0x0, 0x0,
    0x0, 0xef, 0x0, 0x0, 0x0,

    /* U+1EF1 "ự" */
    0xf, 0xe0, 0x5, 0xf9, 0xcf, 0x20, 0xfe, 0x0,
    0x5f, 0x9c, 0xf2, 0xf, 0xe0, 0x5, 0xf9, 0x1e,
    0x10, 0xfe, 0x0, 0x5f, 0xa8, 0xb0, 0xf, 0xe0,
    0x6, 0xfe, 0x70, 0x0, 0xff, 0x0, 0x8f, 0x90,
    0x0, 0xd, 0xfa, 0x8f, 0xf9, 0x0, 0x0, 0x3d,
    0xfc, 0x6f, 0x90, 0x0, 0x0, 0x0, 0x10, 0x0,
    0x0, 0x0, 0x0, 0xef, 0x0, 0x0, 0x0, 0x0,
    0xe, 0xf0, 0x0, 0x0, 0x0,

    /* U+1EF2 "Ỳ" */
    0x0, 0x1, 0xdf, 0x0, 0x0, 0x0, 0x0, 0x2,
    0xe6, 0x0, 0x0, 0x0, 0x0, 0x1, 0x20, 0x0,
    0x0, 0xbf, 0xa0, 0x0, 0x3f, 0xf1, 0x2, 0xff,
    0x20, 0xc, 0xf7, 0x0, 0x9, 0xfb, 0x5, 0xfe,
    0x0, 0x0, 0x1e, 0xf4, 0xdf, 0x50, 0x0, 0x0,
    0x6f, 0xef, 0xc0, 0x0, 0x0, 0x0, 0xdf, 0xf3,
    0x0, 0x0, 0x0, 0x6, 0xfb, 0x0, 0x0, 0x0,
    0x0, 0x5f, 0xa0, 0x0, 0x0, 0x0, 0x5, 0xfa,
    0x0, 0x0, 0x0, 0x0, 0x5f, 0xa0, 0x0, 0x0,
    0x0, 0x5, 0xfa, 0x0, 0x0,

    /* U+1EF3 "ỳ" */
    0x0, 0xbf, 0x30, 0x0, 0x0, 0xd, 0xa0, 0x0,
    0x0, 0x1, 0x20, 0x0, 0xbf, 0x40, 0x9, 0xf6,
    0x6f, 0x90, 0xe, 0xf1, 0xf, 0xe0, 0x3f, 0xb0,
    0xa, 0xf3, 0x7f, 0x50, 0x5, 0xf8, 0xcf, 0x0,
    0x0, 0xfe, 0xfb, 0x0, 0x0, 0x9f, 0xf5, 0x0,
    0x0, 0x4f, 0xf0, 0x0, 0x0, 0x7f, 0xa0, 0x0,
    0x4a, 0xff, 0x40, 0x0, 0x4f, 0xe7, 0x0, 0x0,

    /* U+1EF4 "Ỵ" */
    0xb, 0xfa, 0x0, 0x3, 0xff, 0x10, 0x2f, 0xf2,
    0x0, 0xcf, 0x70, 0x0, 0x9f, 0xb0, 0x5f, 0xe0,
    0x0, 0x1, 0xef, 0x4d, 0xf5, 0x0, 0x0, 0x6,
    0xfe, 0xfc, 0x0, 0x0, 0x0, 0xd, 0xff, 0x30,
    0x0, 0x0, 0x0, 0x6f, 0xb0, 0x0, 0x0, 0x0,
    0x5, 0xfa, 0x0, 0x0, 0x0, 0x0, 0x5f, 0xa0,
    0x0, 0x0, 0x0, 0x5, 0xfa, 0x0, 0x0, 0x0,
    0x0, 0x5f, 0xa0, 0x0, 0x0, 0x0, 0x0, 0x10,
    0x0, 0x0, 0x0, 0x0, 0x4f, 0xa0, 0x0, 0x0,
    0x0, 0x4, 0xfa, 0x0, 0x0,

    /* U+1EF5 "ỵ" */
    0xbf, 0x40, 0x9, 0xf6, 0x6f, 0x90, 0xe, 0xf1,
    0xf, 0xe0, 0x3f, 0xb0, 0xa, 0xf3, 0x7f, 0x50,
    0x5, 0xf8, 0xcf, 0x0, 0x0, 0xfe, 0xfb, 0x0,
    0x0, 0x9f, 0xf5, 0x0, 0x0, 0x4f, 0xf0, 0x0,
    0x0, 0x7f, 0xa2, 0x41, 0x4a, 0xff, 0x49, 0xf5,
    0x4f, 0xe7, 0x9, 0xf5,

    /* U+1EF6 "Ỷ" */
    0x0, 0x0, 0x7c, 0xa1, 0x0, 0x0, 0x0, 0x0,
    0x5d, 0x20, 0x0, 0x0, 0x0, 0x2, 0x0, 0x0,
    0x0, 0xbf, 0xa0, 0x0, 0x3f, 0xf1, 0x2, 0xff,
    0x20, 0xc, 0xf7, 0x0, 0x9, 0xfb, 0x5, 0xfe,
    0x0, 0x0, 0x1e, 0xf4, 0xdf, 0x50, 0x0, 0x0,
    0x6f, 0xef, 0xc0, 0x0, 0x0, 0x0, 0xdf, 0xf3,
    0x0, 0x0, 0x0, 0x6, 0xfb, 0x0, 0x0, 0x0,
    0x0, 0x5f, 0xa0, 0x0, 0x0, 0x0, 0x5, 0xfa,
    0x0, 0x0, 0x0, 0x0, 0x5f, 0xa0, 0x0, 0x0,
    0x0, 0x5, 0xfa, 0x0, 0x0,

    /* U+1EF7 "ỷ" */
    0x0, 0x5c, 0xd3, 0x0, 0x0, 0x4, 0xb3, 0x0,
    0x0, 0x1, 0x0, 0x0, 0xbf, 0x40, 0x9, 0xf6,
    0x6f, 0x90, 0xe, 0xf1, 0xf, 0xe0, 0x3f, 0xb0,
    0xa, 0xf3, 0x7f, 0x50, 0x5, 0xf8, 0xcf, 0x0,
    0x0, 0xfe, 0xfb, 0x0, 0x0, 0x9f, 0xf5, 0x0,
    0x0, 0x4f, 0xf0, 0x0, 0x0, 0x7f, 0xa0, 0x0,
    0x4a, 0xff, 0x40, 0x0, 0x4f, 0xe7, 0x0, 0x0,

    /* U+1EF8 "Ỹ" */
    0x0, 0x0, 0x0, 0x0, 0x0, 0x0, 0x0, 0x4f,
    0xff, 0xf1, 0x0, 0x0, 0x1, 0x33, 0x31, 0x0,
    0x0, 0xbf, 0xa0, 0x0, 0x3f, 0xf1, 0x2, 0xff,
    0x20, 0xc, 0xf7, 0x0, 0x9, 0xfb, 0x5, 0xfe,
    0x0, 0x0, 0x1e, 0xf4, 0xdf, 0x50, 0x0, 0x0,
    0x6f, 0xef, 0xc0, 0x0, 0x0, 0x0, 0xdf, 0xf3,
    0x0, 0x0, 0x0, 0x6, 0xfb, 0x0, 0x0, 0x0,
    0x0, 0x5f, 0xa0, 0x0, 0x0, 0x0, 0x5, 0xfa,
    0x0, 0x0, 0x0, 0x0, 0x5f, 0xa0, 0x0, 0x0,
    0x0, 0x5, 0xfa, 0x0, 0x0,

    /* U+1EF9 "ỹ" */
    0x1, 0xdc, 0x2b, 0x40, 0x5, 0xb7, 0xff, 0x10,
    0x1, 0x10, 0x11, 0x0, 0xbf, 0x40, 0x9, 0xf6,
    0x6f, 0x90, 0xe, 0xf1, 0xf, 0xe0, 0x3f, 0xb0,
    0xa, 0xf3, 0x7f, 0x50, 0x5, 0xf8, 0xcf, 0x0,
    0x0, 0xfe, 0xfb, 0x0, 0x0, 0x9f, 0xf5, 0x0,
    0x0, 0x4f, 0xf0, 0x0, 0x0, 0x7f, 0xa0, 0x0,
    0x4a, 0xff, 0x40, 0x0, 0x4f, 0xe7, 0x0, 0x0
};


/*---------------------
 *  GLYPH DESCRIPTION
 *--------------------*/

static const lv_font_fmt_txt_glyph_dsc_t glyph_dsc[] = {
    {.bitmap_index = 0, .adv_w = 0, .box_w = 0, .box_h = 0, .ofs_x = 0, .ofs_y = 0} /* id = 0 reserved */,
    {.bitmap_index = 0, .adv_w = 62, .box_w = 0, .box_h = 0, .ofs_x = 0, .ofs_y = 0},
    {.bitmap_index = 0, .adv_w = 75, .box_w = 3, .box_h = 11, .ofs_x = 1, .ofs_y = 0},
    {.bitmap_index = 17, .adv_w = 106, .box_w = 6, .box_h = 4, .ofs_x = 0, .ofs_y = 7},
    {.bitmap_index = 29, .adv_w = 125, .box_w = 8, .box_h = 11, .ofs_x = 0, .ofs_y = 0},
    {.bitmap_index = 73, .adv_w = 125, .box_w = 8, .box_h = 14, .ofs_x = 0, .ofs_y = -2},
    {.bitmap_index = 129, .adv_w = 199, .box_w = 12, .box_h = 11, .ofs_x = 0, .ofs_y = 0},
    {.bitmap_index = 195, .adv_w = 162, .box_w = 10, .box_h = 12, .ofs_x = 0, .ofs_y = -1},
    {.bitmap_index = 255, .adv_w = 53, .box_w = 3, .box_h = 4, .ofs_x = 0, .ofs_y = 7},
    {.bitmap_index = 261, .adv_w = 75, .box_w = 5, .box_h = 14, .ofs_x = 0, .ofs_y = -3},
    {.bitmap_index = 296, .adv_w = 75, .box_w = 4, .box_h = 14, .ofs_x = 0, .ofs_y = -3},
    {.bitmap_index = 324, .adv_w = 87, .box_w = 6, .box_h = 6, .ofs_x = 0, .ofs_y = 5},
    {.bitmap_index = 342, .adv_w = 131, .box_w = 8, .box_h = 8, .ofs_x = 0, .ofs_y = 2},
    {.bitmap_index = 374, .adv_w = 62, .box_w = 3, .box_h = 6, .ofs_x = 0, .ofs_y = -3},
    {.bitmap_index = 383, .adv_w = 75, .box_w = 5, .box_h = 3, .ofs_x = 0, .ofs_y = 3},
    {.bitmap_index = 391, .adv_w = 62, .box_w = 2, .box_h = 3, .ofs_x = 1, .ofs_y = 0},
    {.bitmap_index = 394, .adv_w = 62, .box_w = 5, .box_h = 11, .ofs_x = -1, .ofs_y = 0},
    {.bitmap_index = 422, .adv_w = 125, .box_w = 8, .box_h = 11, .ofs_x = 0, .ofs_y = 0},
    {.bitmap_index = 466, .adv_w = 125, .box_w = 5, .box_h = 11, .ofs_x = 1, .ofs_y = 0},
    {.bitmap_index = 494, .adv_w = 125, .box_w = 8, .box_h = 11, .ofs_x = 0, .ofs_y = 0},
    {.bitmap_index = 538, .adv_w = 125, .box_w = 8, .box_h = 11, .ofs_x = 0, .ofs_y = 0},
    {.bitmap_index = 582, .adv_w = 125, .box_w = 8, .box_h = 11, .ofs_x = 0, .ofs_y = 0},
    {.bitmap_index = 626, .adv_w = 125, .box_w = 8, .box_h = 11, .ofs_x = 0, .ofs_y = 0},
    {.bitmap_index = 670, .adv_w = 125, .box_w = 8, .box_h = 11, .ofs_x = 0, .ofs_y = 0},
    {.bitmap_index = 714, .adv_w = 125, .box_w = 8, .box_h = 11, .ofs_x = 0, .ofs_y = 0},
    {.bitmap_index = 758, .adv_w = 125, .box_w = 8, .box_h = 11, .ofs_x = 0, .ofs_y = 0},
    {.bitmap_index = 802, .adv_w = 125, .box_w = 8, .box_h = 11, .ofs_x = 0, .ofs_y = 0},
    {.bitmap_index = 846, .adv_w = 75, .box_w = 3, .box_h = 8, .ofs_x = 1, .ofs_y = 0},
    {.bitmap_index = 858, .adv_w = 75, .box_w = 3, .box_h = 11, .ofs_x = 1, .ofs_y = -3},
    {.bitmap_index = 875, .adv_w = 131, .box_w = 8, .box_h = 9, .ofs_x = 0, .ofs_y = 1},
    {.bitmap_index = 911, .adv_w = 131, .box_w = 8, .box_h = 5, .ofs_x = 0, .ofs_y = 3},
    {.bitmap_index = 931, .adv_w = 131, .box_w = 8, .box_h = 9, .ofs_x = 0, .ofs_y = 1},
    {.bitmap_index = 967, .adv_w = 137, .box_w = 8, .box_h = 11, .ofs_x = 0, .ofs_y = 0},
    {.bitmap_index = 1011, .adv_w = 218, .box_w = 14, .box_h = 14, .ofs_x = 0, .ofs_y = -3},
    {.bitmap_index = 1109, .adv_w = 162, .box_w = 11, .box_h = 11, .ofs_x = 0, .ofs_y = 0},
    {.bitmap_index = 1170, .adv_w = 162, .box_w = 9, .box_h = 11, .ofs_x = 1, .ofs_y = 0},
    {.bitmap_index = 1220, .adv_w = 162, .box_w = 10, .box_h = 11, .ofs_x = 0, .ofs_y = 0},
    {.bitmap_index = 1275, .adv_w = 162, .box_w = 9, .box_h = 11, .ofs_x = 1, .ofs_y = 0},
    {.bitmap_index = 1325, .adv_w = 149, .box_w = 8, .box_h = 11, .ofs_x = 1, .ofs_y = 0},
    {.bitmap_index = 1369, .adv_w = 137, .box_w = 7, .box_h = 11, .ofs_x = 1, .ofs_y = 0},
    {.bitmap_index = 1408, .adv_w = 174, .box_w = 11, .box_h = 11, .ofs_x = 0, .ofs_y = 0},
    {.bitmap_index = 1469, .adv_w = 162, .box_w = 9, .box_h = 11, .ofs_x = 1, .ofs_y = 0},
    {.bitmap_index = 1519, .adv_w = 62, .box_w = 3, .box_h = 11, .ofs_x = 0, .ofs_y = 0},
    {.bitmap_index = 1536, .adv_w = 125, .box_w = 7, .box_h = 11, .ofs_x = 0, .ofs_y = 0},
    {.bitmap_index = 1575, .adv_w = 162, .box_w = 10, .box_h = 11, .ofs_x = 1, .ofs_y = 0},
    {.bitmap_index = 1630, .adv_w = 137, .box_w = 8, .box_h = 11, .ofs_x = 1, .ofs_y = 0},
    {.bitmap_index = 1674, .adv_w = 187, .box_w = 11, .box_h = 11, .ofs_x = 0, .ofs_y = 0},
    {.bitmap_index = 1735, .adv_w = 162, .box_w = 8, .box_h = 11, .ofs_x = 1, .ofs_y = 0},
    {.bitmap_index = 1779, .adv_w = 174, .box_w = 11, .box_h = 11, .ofs_x = 0, .ofs_y = 0},
    {.bitmap_index = 1840, .adv_w = 149, .box_w = 8, .box_h = 11, .ofs_x = 1, .ofs_y = 0},
    {.bitmap_index = 1884, .adv_w = 174, .box_w = 11, .box_h = 12, .ofs_x = 0, .ofs_y = -1},
    {.bitmap_index = 1950, .adv_w = 162, .box_w = 10, .box_h = 11, .ofs_x = 1, .ofs_y = 0},
    {.bitmap_index = 2005, .adv_w = 149, .box_w = 9, .box_h = 11, .ofs_x = 0, .ofs_y = 0},
    {.bitmap_index = 2055, .adv_w = 137, .box_w = 9, .box_h = 11, .ofs_x = 0, .ofs_y = 0},
    {.bitmap_index = 2105, .adv_w = 162, .box_w = 8, .box_h = 11, .ofs_x = 1, .ofs_y = 0},
    {.bitmap_index = 2149, .adv_w = 149, .box_w = 10, .box_h = 11, .ofs_x = 0, .ofs_y = 0},
    {.bitmap_index = 2204, .adv_w = 211, .box_w = 14, .box_h = 11, .ofs_x = 0, .ofs_y = 0},
    {.bitmap_index = 2281, .adv_w = 149, .box_w = 10, .box_h = 11, .ofs_x = 0, .ofs_y = 0},
    {.bitmap_index = 2336, .adv_w = 149, .box_w = 11, .box_h = 11, .ofs_x = -1, .ofs_y = 0},
    {.bitmap_index = 2397, .adv_w = 137, .box_w = 9, .box_h = 11, .ofs_x = 0, .ofs_y = 0},
    {.bitmap_index = 2447, .adv_w = 75, .box_w = 4, .box_h = 14, .ofs_x = 1, .ofs_y = -3},
    {.bitmap_index = 2475, .adv_w = 62, .box_w = 5, .box_h = 11, .ofs_x = -1, .ofs_y = 0},
    {.bitmap_index = 2503, .adv_w = 75, .box_w = 4, .box_h = 14, .ofs_x = 0, .ofs_y = -3},
    {.bitmap_index = 2531, .adv_w = 131, .box_w = 8, .box_h = 6, .ofs_x = 0, .ofs_y = 5},
    {.bitmap_index = 2555, .adv_w = 125, .box_w = 9, .box_h = 3, .ofs_x = -1, .ofs_y = -4},
    {.bitmap_index = 2569, .adv_w = 75, .box_w = 4, .box_h = 3, .ofs_x = 0, .ofs_y = 9},
    {.bitmap_index = 2575, .adv_w = 125, .box_w = 8, .box_h = 8, .ofs_x = 0, .ofs_y = 0},
    {.bitmap_index = 2607, .adv_w = 137, .box_w = 9, .box_h = 11, .ofs_x = 0, .ofs_y = 0},
    {.bitmap_index = 2657, .adv_w = 125, .box_w = 8, .box_h = 8, .ofs_x = 0, .ofs_y = 0},
    {.bitmap_index = 2689, .adv_w = 137, .box_w = 8, .box_h = 11, .ofs_x = 0, .ofs_y = 0},
    {.bitmap_index = 2733, .adv_w = 125, .box_w = 8, .box_h = 8, .ofs_x = 0, .ofs_y = 0},
    {.bitmap_index = 2765, .adv_w = 75, .box_w = 6, .box_h = 11, .ofs_x = 0, .ofs_y = 0},
    {.bitmap_index = 2798, .adv_w = 137, .box_w = 8, .box_h = 11, .ofs_x = 0, .ofs_y = -3},
    {.bitmap_index = 2842, .adv_w = 137, .box_w = 7, .box_h = 11, .ofs_x = 1, .ofs_y = 0},
    {.bitmap_index = 2881, .adv_w = 62, .box_w = 2, .box_h = 11, .ofs_x = 1, .ofs_y = 0},
    {.bitmap_index = 2892, .adv_w = 62, .box_w = 4, .box_h = 14, .ofs_x = -1, .ofs_y = -3},
    {.bitmap_index = 2920, .adv_w = 125, .box_w = 8, .box_h = 11, .ofs_x = 0, .ofs_y = 0},
    {.bitmap_index = 2964, .adv_w = 62, .box_w = 2, .box_h = 11, .ofs_x = 1, .ofs_y = 0},
    {.bitmap_index = 2975, .adv_w = 199, .box_w = 12, .box_h = 8, .ofs_x = 0, .ofs_y = 0},
    {.bitmap_index = 3023, .adv_w = 137, .box_w = 8, .box_h = 8, .ofs_x = 0, .ofs_y = 0},
    {.bitmap_index = 3055, .adv_w = 137, .box_w = 9, .box_h = 8, .ofs_x = 0, .ofs_y = 0},
    {.bitmap_index = 3091, .adv_w = 137, .box_w = 9, .box_h = 11, .ofs_x = 0, .ofs_y = -3},
    {.bitmap_index = 3141, .adv_w = 137, .box_w = 8, .box_h = 11, .ofs_x = 0, .ofs_y = -3},
    {.bitmap_index = 3185, .adv_w = 87, .box_w = 6, .box_h = 8, .ofs_x = 0, .ofs_y = 0},
    {.bitmap_index = 3209, .adv_w = 125, .box_w = 8, .box_h = 8, .ofs_x = 0, .ofs_y = 0},
    {.bitmap_index = 3241, .adv_w = 75, .box_w = 5, .box_h = 11, .ofs_x = 0, .ofs_y = 0},
    {.bitmap_index = 3269, .adv_w = 137, .box_w = 8, .box_h = 8, .ofs_x = 0, .ofs_y = 0},
    {.bitmap_index = 3301, .adv_w = 125, .box_w = 8, .box_h = 8, .ofs_x = 0, .ofs_y = 0},
    {.bitmap_index = 3333, .adv_w = 174, .box_w = 11, .box_h = 8, .ofs_x = 0, .ofs_y = 0},
    {.bitmap_index = 3377, .adv_w = 125, .box_w = 8, .box_h = 8, .ofs_x = 0, .ofs_y = 0},
    {.bitmap_index = 3409, .adv_w = 125, .box_w = 8, .box_h = 11, .ofs_x = 0, .ofs_y = -3},
    {.bitmap_index = 3453, .adv_w = 112, .box_w = 7, .box_h = 8, .ofs_x = 0, .ofs_y = 0},
    {.bitmap_index = 3481, .adv_w = 87, .box_w = 6, .box_h = 14, .ofs_x = 0, .ofs_y = -3},
    {.bitmap_index = 3523, .adv_w = 63, .box_w = 2, .box_h = 14, .ofs_x = 1, .ofs_y = -3},
    {.bitmap_index = 3537, .adv_w = 87, .box_w = 5, .box_h = 14, .ofs_x = 0, .ofs_y = -3},
    {.bitmap_index = 3572, .adv_w = 131, .box_w = 8, .box_h = 4, .ofs_x = 0, .ofs_y = 3},
    {.bitmap_index = 3588, .adv_w = 162, .box_w = 11, .box_h = 14, .ofs_x = 0, .ofs_y = 0},
    {.bitmap_index = 3665, .adv_w = 162, .box_w = 11, .box_h = 14, .ofs_x = 0, .ofs_y = 0},
    {.bitmap_index = 3742, .adv_w = 162, .box_w = 11, .box_h = 14, .ofs_x = 0, .ofs_y = 0},
    {.bitmap_index = 3819, .adv_w = 162, .box_w = 11, .box_h = 14, .ofs_x = 0, .ofs_y = 0},
    {.bitmap_index = 3896, .adv_w = 149, .box_w = 8, .box_h = 14, .ofs_x = 1, .ofs_y = 0},
    {.bitmap_index = 3952, .adv_w = 149, .box_w = 8, .box_h = 14, .ofs_x = 1, .ofs_y = 0},
    {.bitmap_index = 4008, .adv_w = 149, .box_w = 8, .box_h = 14, .ofs_x = 1, .ofs_y = 0},
    {.bitmap_index = 4064, .adv_w = 62, .box_w = 5, .box_h = 14, .ofs_x = -1, .ofs_y = 0},
    {.bitmap_index = 4099, .adv_w = 62, .box_w = 4, .box_h = 14, .ofs_x = 0, .ofs_y = 0},
    {.bitmap_index = 4127, .adv_w = 174, .box_w = 11, .box_h = 14, .ofs_x = 0, .ofs_y = 0},
    {.bitmap_index = 4204, .adv_w = 174, .box_w = 11, .box_h = 14, .ofs_x = 0, .ofs_y = 0},
    {.bitmap_index = 4281, .adv_w = 174, .box_w = 11, .box_h = 14, .ofs_x = 0, .ofs_y = 0},
    {.bitmap_index = 4358, .adv_w = 174, .box_w = 11, .box_h = 14, .ofs_x = 0, .ofs_y = 0},
    {.bitmap_index = 4435, .adv_w = 131, .box_w = 8, .box_h = 8, .ofs_x = 0, .ofs_y = 1},
    {.bitmap_index = 4467, .adv_w = 162, .box_w = 8, .box_h = 14, .ofs_x = 1, .ofs_y = 0},
    {.bitmap_index = 4523, .adv_w = 162, .box_w = 8, .box_h = 14, .ofs_x = 1, .ofs_y = 0},
    {.bitmap_index = 4579, .adv_w = 149, .box_w = 11, .box_h = 14, .ofs_x = -1, .ofs_y = 0},
    {.bitmap_index = 4656, .adv_w = 125, .box_w = 8, .box_h = 11, .ofs_x = 0, .ofs_y = 0},
    {.bitmap_index = 4700, .adv_w = 125, .box_w = 8, .box_h = 11, .ofs_x = 0, .ofs_y = 0},
    {.bitmap_index = 4744, .adv_w = 125, .box_w = 8, .box_h = 11, .ofs_x = 0, .ofs_y = 0},
    {.bitmap_index = 4788, .adv_w = 125, .box_w = 8, .box_h = 11, .ofs_x = 0, .ofs_y = 0},
    {.bitmap_index = 4832, .adv_w = 125, .box_w = 8, .box_h = 11, .ofs_x = 0, .ofs_y = 0},
    {.bitmap_index = 4876, .adv_w = 125, .box_w = 8, .box_h = 11, .ofs_x = 0, .ofs_y = 0},
    {.bitmap_index = 4920, .adv_w = 125, .box_w = 8, .box_h = 11, .ofs_x = 0, .ofs_y = 0},
    {.bitmap_index = 4964, .adv_w = 62, .box_w = 4, .box_h = 11, .ofs_x = -1, .ofs_y = 0},
    {.bitmap_index = 4986, .adv_w = 62, .box_w = 4, .box_h = 11, .ofs_x = 0, .ofs_y = 0},
    {.bitmap_index = 5008, .adv_w = 137, .box_w = 9, .box_h = 11, .ofs_x = 0, .ofs_y = 0},
    {.bitmap_index = 5058, .adv_w = 137, .box_w = 9, .box_h = 11, .ofs_x = 0, .ofs_y = 0},
    {.bitmap_index = 5108, .adv_w = 137, .box_w = 9, .box_h = 11, .ofs_x = 0, .ofs_y = 0},
    {.bitmap_index = 5158, .adv_w = 137, .box_w = 9, .box_h = 11, .ofs_x = 0, .ofs_y = 0},
    {.bitmap_index = 5208, .adv_w = 187, .box_w = 0, .box_h = 0, .ofs_x = 0, .ofs_y = 0},
    {.bitmap_index = 5208, .adv_w = 137, .box_w = 8, .box_h = 11, .ofs_x = 0, .ofs_y = 0},
    {.bitmap_index = 5252, .adv_w = 137, .box_w = 8, .box_h = 11, .ofs_x = 0, .ofs_y = 0},
    {.bitmap_index = 5296, .adv_w = 125, .box_w = 8, .box_h = 14, .ofs_x = 0, .ofs_y = -3},
    {.bitmap_index = 5352, .adv_w = 162, .box_w = 11, .box_h = 14, .ofs_x = 0, .ofs_y = 0},
    {.bitmap_index = 5429, .adv_w = 125, .box_w = 8, .box_h = 11, .ofs_x = 0, .ofs_y = 0},
    {.bitmap_index = 5473, .adv_w = 139, .box_w = 0, .box_h = 0, .ofs_x = 0, .ofs_y = 0},
    {.bitmap_index = 5473, .adv_w = 101, .box_w = 0, .box_h = 0, .ofs_x = 0, .ofs_y = 0},
    {.bitmap_index = 5473, .adv_w = 162, .box_w = 11, .box_h = 11, .ofs_x = -1, .ofs_y = 0},
    {.bitmap_index = 5534, .adv_w = 137, .box_w = 9, .box_h = 11, .ofs_x = 0, .ofs_y = 0},
    {.bitmap_index = 5584, .adv_w = 62, .box_w = 6, .box_h = 15, .ofs_x = -1, .ofs_y = 0},
    {.bitmap_index = 5629, .adv_w = 62, .box_w = 6, .box_h = 11, .ofs_x = -1, .ofs_y = 0},
    {.bitmap_index = 5662, .adv_w = 162, .box_w = 8, .box_h = 15, .ofs_x = 1, .ofs_y = 0},
    {.bitmap_index = 5722, .adv_w = 137, .box_w = 8, .box_h = 11, .ofs_x = 0, .ofs_y = 0},
    {.bitmap_index = 5766, .adv_w = 191, .box_w = 12, .box_h = 11, .ofs_x = 0, .ofs_y = 0},
    {.bitmap_index = 5832, .adv_w = 159, .box_w = 10, .box_h = 8, .ofs_x = 0, .ofs_y = 0},
    {.bitmap_index = 5872, .adv_w = 186, .box_w = 11, .box_h = 11, .ofs_x = 1, .ofs_y = 0},
    {.bitmap_index = 5933, .adv_w = 162, .box_w = 11, .box_h = 8, .ofs_x = 0, .ofs_y = 0},
    {.bitmap_index = 5977, .adv_w = 162, .box_w = 11, .box_h = 14, .ofs_x = 0, .ofs_y = -3},
    {.bitmap_index = 6054, .adv_w = 125, .box_w = 8, .box_h = 11, .ofs_x = 0, .ofs_y = -3},
    {.bitmap_index = 6098, .adv_w = 162, .box_w = 11, .box_h = 14, .ofs_x = 0, .ofs_y = 0},
    {.bitmap_index = 6175, .adv_w = 125, .box_w = 8, .box_h = 11, .ofs_x = 0, .ofs_y = 0},
    {.bitmap_index = 6219, .adv_w = 162, .box_w = 11, .box_h = 16, .ofs_x = 0, .ofs_y = 0},
    {.bitmap_index = 6307, .adv_w = 125, .box_w = 9, .box_h = 13, .ofs_x = 0, .ofs_y = 0},
    {.bitmap_index = 6366, .adv_w = 162, .box_w = 11, .box_h = 16, .ofs_x = 0, .ofs_y = 0},
    {.bitmap_index = 6454, .adv_w = 125, .box_w = 8, .box_h = 13, .ofs_x = 0, .ofs_y = 0},
    {.bitmap_index = 6506, .adv_w = 162, .box_w = 11, .box_h = 15, .ofs_x = 0, .ofs_y = 0},
    {.bitmap_index = 6589, .adv_w = 125, .box_w = 8, .box_h = 13, .ofs_x = 0, .ofs_y = 0},
    {.bitmap_index = 6641, .adv_w = 162, .box_w = 11, .box_h = 17, .ofs_x = 0, .ofs_y = 0},
    {.bitmap_index = 6735, .adv_w = 125, .box_w = 8, .box_h = 14, .ofs_x = 0, .ofs_y = 0},
    {.bitmap_index = 6791, .adv_w = 162, .box_w = 11, .box_h = 17, .ofs_x = 0, .ofs_y = -3},
    {.bitmap_index = 6885, .adv_w = 125, .box_w = 8, .box_h = 14, .ofs_x = 0, .ofs_y = -3},
    {.bitmap_index = 6941, .adv_w = 162, .box_w = 11, .box_h = 17, .ofs_x = 0, .ofs_y = 0},
    {.bitmap_index = 7035, .adv_w = 125, .box_w = 8, .box_h = 14, .ofs_x = 0, .ofs_y = 0},
    {.bitmap_index = 7091, .adv_w = 162, .box_w = 11, .box_h = 17, .ofs_x = 0, .ofs_y = 0},
    {.bitmap_index = 7185, .adv_w = 125, .box_w = 8, .box_h = 14, .ofs_x = 0, .ofs_y = 0},
    {.bitmap_index = 7241, .adv_w = 162, .box_w = 11, .box_h = 16, .ofs_x = 0, .ofs_y = 0},
    {.bitmap_index = 7329, .adv_w = 125, .box_w = 8, .box_h = 14, .ofs_x = 0, .ofs_y = 0},
    {.bitmap_index = 7385, .adv_w = 162, .box_w = 11, .box_h = 17, .ofs_x = 0, .ofs_y = 0},
    {.bitmap_index = 7479, .adv_w = 125, .box_w = 8, .box_h = 14, .ofs_x = 0, .ofs_y = 0},
    {.bitmap_index = 7535, .adv_w = 162, .box_w = 11, .box_h = 17, .ofs_x = 0, .ofs_y = -3},
    {.bitmap_index = 7629, .adv_w = 125, .box_w = 8, .box_h = 14, .ofs_x = 0, .ofs_y = -3},
    {.bitmap_index = 7685, .adv_w = 149, .box_w = 8, .box_h = 14, .ofs_x = 1, .ofs_y = -3},
    {.bitmap_index = 7741, .adv_w = 125, .box_w = 8, .box_h = 11, .ofs_x = 0, .ofs_y = -3},
    {.bitmap_index = 7785, .adv_w = 149, .box_w = 8, .box_h = 14, .ofs_x = 1, .ofs_y = 0},
    {.bitmap_index = 7841, .adv_w = 125, .box_w = 8, .box_h = 11, .ofs_x = 0, .ofs_y = 0},
    {.bitmap_index = 7885, .adv_w = 149, .box_w = 8, .box_h = 14, .ofs_x = 1, .ofs_y = 0},
    {.bitmap_index = 7941, .adv_w = 125, .box_w = 8, .box_h = 11, .ofs_x = 0, .ofs_y = 0},
    {.bitmap_index = 7985, .adv_w = 149, .box_w = 9, .box_h = 16, .ofs_x = 1, .ofs_y = 0},
    {.bitmap_index = 8057, .adv_w = 125, .box_w = 9, .box_h = 13, .ofs_x = 0, .ofs_y = 0},
    {.bitmap_index = 8116, .adv_w = 149, .box_w = 8, .box_h = 16, .ofs_x = 1, .ofs_y = 0},
    {.bitmap_index = 8180, .adv_w = 125, .box_w = 8, .box_h = 13, .ofs_x = 0, .ofs_y = 0},
    {.bitmap_index = 8232, .adv_w = 149, .box_w = 8, .box_h = 15, .ofs_x = 1, .ofs_y = 0},
    {.bitmap_index = 8292, .adv_w = 125, .box_w = 8, .box_h = 13, .ofs_x = 0, .ofs_y = 0},
    {.bitmap_index = 8344, .adv_w = 149, .box_w = 8, .box_h = 17, .ofs_x = 1, .ofs_y = 0},
    {.bitmap_index = 8412, .adv_w = 125, .box_w = 8, .box_h = 14, .ofs_x = 0, .ofs_y = 0},
    {.bitmap_index = 8468, .adv_w = 149, .box_w = 8, .box_h = 17, .ofs_x = 1, .ofs_y = -3},
    {.bitmap_index = 8536, .adv_w = 125, .box_w = 8, .box_h = 14, .ofs_x = 0, .ofs_y = -3},
    {.bitmap_index = 8592, .adv_w = 62, .box_w = 4, .box_h = 14, .ofs_x = 0, .ofs_y = 0},
    {.bitmap_index = 8620, .adv_w = 62, .box_w = 4, .box_h = 11, .ofs_x = 0, .ofs_y = 0},
    {.bitmap_index = 8642, .adv_w = 62, .box_w = 3, .box_h = 14, .ofs_x = 0, .ofs_y = -3},
    {.bitmap_index = 8663, .adv_w = 62, .box_w = 2, .box_h = 14, .ofs_x = 1, .ofs_y = -3},
    {.bitmap_index = 8677, .adv_w = 174, .box_w = 11, .box_h = 14, .ofs_x = 0, .ofs_y = -3},
    {.bitmap_index = 8754, .adv_w = 137, .box_w = 9, .box_h = 11, .ofs_x = 0, .ofs_y = -3},
    {.bitmap_index = 8804, .adv_w = 174, .box_w = 11, .box_h = 14, .ofs_x = 0, .ofs_y = 0},
    {.bitmap_index = 8881, .adv_w = 137, .box_w = 9, .box_h = 11, .ofs_x = 0, .ofs_y = 0},
    {.bitmap_index = 8931, .adv_w = 174, .box_w = 11, .box_h = 16, .ofs_x = 0, .ofs_y = 0},
    {.bitmap_index = 9019, .adv_w = 137, .box_w = 10, .box_h = 13, .ofs_x = 0, .ofs_y = 0},
    {.bitmap_index = 9084, .adv_w = 174, .box_w = 11, .box_h = 16, .ofs_x = 0, .ofs_y = 0},
    {.bitmap_index = 9172, .adv_w = 137, .box_w = 9, .box_h = 13, .ofs_x = 0, .ofs_y = 0},
    {.bitmap_index = 9231, .adv_w = 174, .box_w = 11, .box_h = 16, .ofs_x = 0, .ofs_y = 0},
    {.bitmap_index = 9319, .adv_w = 137, .box_w = 9, .box_h = 13, .ofs_x = 0, .ofs_y = 0},
    {.bitmap_index = 9378, .adv_w = 174, .box_w = 11, .box_h = 17, .ofs_x = 0, .ofs_y = 0},
    {.bitmap_index = 9472, .adv_w = 137, .box_w = 9, .box_h = 14, .ofs_x = 0, .ofs_y = 0},
    {.bitmap_index = 9535, .adv_w = 174, .box_w = 11, .box_h = 17, .ofs_x = 0, .ofs_y = -3},
    {.bitmap_index = 9629, .adv_w = 137, .box_w = 9, .box_h = 14, .ofs_x = 0, .ofs_y = -3},
    {.bitmap_index = 9692, .adv_w = 191, .box_w = 12, .box_h = 14, .ofs_x = 0, .ofs_y = 0},
    {.bitmap_index = 9776, .adv_w = 159, .box_w = 10, .box_h = 11, .ofs_x = 0, .ofs_y = 0},
    {.bitmap_index = 9831, .adv_w = 191, .box_w = 12, .box_h = 14, .ofs_x = 0, .ofs_y = 0},
    {.bitmap_index = 9915, .adv_w = 159, .box_w = 10, .box_h = 11, .ofs_x = 0, .ofs_y = 0},
    {.bitmap_index = 9970, .adv_w = 191, .box_w = 12, .box_h = 14, .ofs_x = 0, .ofs_y = 0},
    {.bitmap_index = 10054, .adv_w = 159, .box_w = 10, .box_h = 11, .ofs_x = 0, .ofs_y = 0},
    {.bitmap_index = 10109, .adv_w = 191, .box_w = 12, .box_h = 14, .ofs_x = 0, .ofs_y = 0},
    {.bitmap_index = 10193, .adv_w = 159, .box_w = 10, .box_h = 11, .ofs_x = 0, .ofs_y = 0},
    {.bitmap_index = 10248, .adv_w = 191, .box_w = 12, .box_h = 14, .ofs_x = 0, .ofs_y = -3},
    {.bitmap_index = 10332, .adv_w = 159, .box_w = 10, .box_h = 11, .ofs_x = 0, .ofs_y = -3},
    {.bitmap_index = 10387, .adv_w = 162, .box_w = 8, .box_h = 14, .ofs_x = 1, .ofs_y = -3},
    {.bitmap_index = 10443, .adv_w = 137, .box_w = 8, .box_h = 11, .ofs_x = 0, .ofs_y = -3},
    {.bitmap_index = 10487, .adv_w = 162, .box_w = 8, .box_h = 14, .ofs_x = 1, .ofs_y = 0},
    {.bitmap_index = 10543, .adv_w = 137, .box_w = 8, .box_h = 11, .ofs_x = 0, .ofs_y = 0},
    {.bitmap_index = 10587, .adv_w = 186, .box_w = 11, .box_h = 14, .ofs_x = 1, .ofs_y = 0},
    {.bitmap_index = 10664, .adv_w = 162, .box_w = 11, .box_h = 11, .ofs_x = 0, .ofs_y = 0},
    {.bitmap_index = 10725, .adv_w = 186, .box_w = 11, .box_h = 14, .ofs_x = 1, .ofs_y = 0},
    {.bitmap_index = 10802, .adv_w = 162, .box_w = 11, .box_h = 11, .ofs_x = 0, .ofs_y = 0},
    {.bitmap_index = 10863, .adv_w = 186, .box_w = 11, .box_h = 14, .ofs_x = 1, .ofs_y = 0},
    {.bitmap_index = 10940, .adv_w = 162, .box_w = 11, .box_h = 11, .ofs_x = 0, .ofs_y = 0},
    {.bitmap_index = 11001, .adv_w = 186, .box_w = 11, .box_h = 14, .ofs_x = 1, .ofs_y = 0},
    {.bitmap_index = 11078, .adv_w = 162, .box_w = 11, .box_h = 11, .ofs_x = 0, .ofs_y = 0},
    {.bitmap_index = 11139, .adv_w = 186, .box_w = 11, .box_h = 14, .ofs_x = 1, .ofs_y = -3},
    {.bitmap_index = 11216, .adv_w = 162, .box_w = 11, .box_h = 11, .ofs_x = 0, .ofs_y = -3},
    {.bitmap_index = 11277, .adv_w = 149, .box_w = 11, .box_h = 14, .ofs_x = -1, .ofs_y = 0},
    {.bitmap_index = 11354, .adv_w = 125, .box_w = 8, .box_h = 14, .ofs_x = 0, .ofs_y = -3},
    {.bitmap_index = 11410, .adv_w = 149, .box_w = 11, .box_h = 14, .ofs_x = -1, .ofs_y = -3},
    {.bitmap_index = 11487, .adv_w = 125, .box_w = 8, .box_h = 11, .ofs_x = 0, .ofs_y = -3},
    {.bitmap_index = 11531, .adv_w = 149, .box_w = 11, .box_h = 14, .ofs_x = -1, .ofs_y = 0},
    {.bitmap_index = 11608, .adv_w = 125, .box_w = 8, .box_h = 14, .ofs_x = 0, .ofs_y = -3},
    {.bitmap_index = 11664, .adv_w = 149, .box_w = 11, .box_h = 14, .ofs_x = -1, .ofs_y = 0},
    {.bitmap_index = 11741, .adv_w = 125, .box_w = 8, .box_h = 14, .ofs_x = 0, .ofs_y = -3}
};

/*---------------------
 *  CHARACTER MAPPING
 *--------------------*/

static const uint16_t unicode_list_1[] = {
    0x0, 0x1, 0x2, 0x3, 0x8, 0x9, 0xa, 0xc,
    0xd, 0x12, 0x13, 0x14, 0x15, 0x17, 0x19, 0x1a,
    0x1d, 0x20, 0x21, 0x22, 0x23, 0x28, 0x29, 0x2a,
    0x2c, 0x2d, 0x32, 0x33, 0x34, 0x35, 0x37, 0x39,
    0x3a, 0x3d, 0x42, 0x43, 0x4c, 0x4d, 0x50, 0x51,
    0x68, 0x69, 0xa8, 0xa9, 0xe0, 0xe1, 0xef, 0xf0
};

/*Collect the unicode lists and glyph_id offsets*/
static const lv_font_fmt_txt_cmap_t cmaps[] =
{
    {
        .range_start = 32, .range_length = 95, .glyph_id_start = 1,
        .unicode_list = NULL, .glyph_id_ofs_list = NULL, .list_length = 0, .type = LV_FONT_FMT_TXT_CMAP_FORMAT0_TINY
    },
    {
        .range_start = 192, .range_length = 241, .glyph_id_start = 96,
        .unicode_list = unicode_list_1, .glyph_id_ofs_list = NULL, .list_length = 48, .type = LV_FONT_FMT_TXT_CMAP_SPARSE_TINY
    },
    {
        .range_start = 7840, .range_length = 90, .glyph_id_start = 144,
        .unicode_list = NULL, .glyph_id_ofs_list = NULL, .list_length = 0, .type = LV_FONT_FMT_TXT_CMAP_FORMAT0_TINY
    }
};



/*--------------------
 *  ALL CUSTOM DATA
 *--------------------*/

#if LVGL_VERSION_MAJOR == 8
/*Store all the custom data of the font*/
static  lv_font_fmt_txt_glyph_cache_t cache;
#endif

#if LVGL_VERSION_MAJOR >= 8
static const lv_font_fmt_txt_dsc_t font_dsc = {
#else
static lv_font_fmt_txt_dsc_t font_dsc = {
#endif
    .glyph_bitmap = glyph_bitmap,
    .glyph_dsc = glyph_dsc,
    .cmaps = cmaps,
    .kern_dsc = NULL,
    .kern_scale = 0,
    .cmap_num = 3,
    .bpp = 4,
    .kern_classes = 0,
    .bitmap_format = 0,
#if LVGL_VERSION_MAJOR == 8
    .cache = &cache
#endif
};



/*-----------------
 *  PUBLIC FONT
 *----------------*/

/*Initialize a public general font descriptor*/
#if LVGL_VERSION_MAJOR >= 8
const lv_font_t font_vietnamese_14 = {
#else
lv_font_t font_vietnamese_14 = {
#endif
    .get_glyph_dsc = lv_font_get_glyph_dsc_fmt_txt,    /*Function pointer to get glyph's data*/
    .get_glyph_bitmap = lv_font_get_bitmap_fmt_txt,    /*Function pointer to get glyph's bitmap*/
    .line_height = 21,          /*The maximum line height required by the font*/
    .base_line = 4,             /*Baseline measured from the bottom of the line*/
#if !(LVGL_VERSION_MAJOR == 6 && LVGL_VERSION_MINOR == 0)
    .subpx = LV_FONT_SUBPX_NONE,
#endif
#if LV_VERSION_CHECK(7, 4, 0) || LVGL_VERSION_MAJOR >= 8
    .underline_position = -1,
    .underline_thickness = 1,
#endif
    .dsc = &font_dsc,          /*The custom font data. Will be accessed by `get_glyph_bitmap/dsc` */
#if LV_VERSION_CHECK(8, 2, 0) || LVGL_VERSION_MAJOR >= 9
    .fallback = NULL,
#endif
    .user_data = NULL,
};



#endif /*#if FONT_VIETNAMESE_14*/

